date,lst_day_kelvin,lst_anomaly_kelvin,qa_flag
2016-01-01,271.26,0.2,1
2016-01-02,274.1,3.77,1
2016-01-03,272.64,4.25,1
2016-01-04,273.09,1.54,1
2016-01-05,276.21,9.27,1
2016-01-06,262.36,-9.15,1
2016-01-07,275.57,2.92,1
2016-01-08,270.5,-0.57,1
2016-01-10,271.64,1.75,1
2016-01-11,276.91,3.7,1
2016-01-12,276.69,3.64,1
2016-01-13,270.75,-2.24,1
2016-01-14,272.18,-0.59,1
2016-01-15,266.88,-4.44,1
2016-01-16,274.69,1.76,1
2016-01-17,273.07,2.2,1
2016-01-18,275.45,2.72,1
2016-01-20,264.92,-7.3,1
2016-01-21,271.0,-1.1,1
2016-01-22,268.07,-4.43,1
2016-01-23,272.69,-0.95,1
2016-01-24,270.51,0.34,1
2016-01-25,270.83,-1.25,1
2016-01-26,269.75,-1.33,1
2016-01-27,270.97,1.21,1
2016-01-28,273.54,1.1,1
2016-01-29,272.88,1.38,1
2016-01-30,278.93,7.43,1
2016-01-31,279.63,7.46,1
2016-02-01,280.55,8.38,1
2016-02-02,279.22,7.56,1
2016-02-03,280.62,6.45,1
2016-02-04,281.14,6.58,1
2016-02-05,284.82,11.6,1
2016-02-06,279.8,6.76,1
2016-02-07,275.88,4.16,1
2016-02-09,271.55,0.44,1
2016-02-10,278.17,6.0,1
2016-02-11,273.94,-0.31,1
2016-02-12,277.72,3.4,1
2016-02-13,278.12,3.28,1
2016-02-14,275.68,1.78,1
2016-02-15,282.04,7.14,1
2016-02-16,272.71,-1.1,1
2016-02-17,285.09,9.65,1
2016-02-18,284.02,7.97,1
2016-02-28,267.9,-8.96,1
2016-02-29,258.32,-17.48,1
2016-03-01,261.7,-16.06,1
2016-03-02,281.54,4.05,1
2016-03-03,263.51,-15.56,1
2016-03-04,270.56,-5.55,1
2016-03-05,273.26,-2.72,1
2016-03-06,276.75,1.7,1
2016-03-07,281.43,2.89,1
2016-03-09,283.54,6.5,1
2016-03-10,280.44,2.22,1
2016-03-11,287.35,9.57,1
2016-03-12,274.88,-2.33,1
2016-03-16,269.38,-8.08,1
2016-03-17,276.91,-0.84,1
2016-03-18,280.08,1.91,1
2016-03-19,279.12,-0.01,1
2016-03-20,285.69,7.75,1
2016-03-21,282.04,2.14,1
2016-03-22,280.43,2.03,1
2016-03-23,277.23,-1.33,1
2016-03-24,285.9,4.52,1
2016-03-25,289.97,10.12,1
2016-03-26,279.02,-1.93,1
2016-03-27,290.81,9.33,1
2016-03-29,268.1,-13.53,1
2016-04-01,272.9,-8.16,1
2016-04-03,285.96,5.32,1
2016-04-04,271.57,-8.83,1
2016-04-05,284.51,1.35,1
2016-04-06,285.82,3.69,1
2016-04-07,287.47,4.53,1
2016-04-08,281.54,-0.36,1
2016-04-09,286.89,4.21,1
2016-04-10,288.3,5.55,1
2016-04-11,284.8,2.46,1
2016-04-12,289.38,5.6,1
2016-04-13,286.68,2.88,1
2016-04-14,275.96,-8.04,1
2016-04-15,284.04,-0.05,1
2016-04-16,282.8,0.7,1
2016-04-17,288.51,3.6,1
2016-04-18,287.98,3.83,1
2016-04-19,289.37,4.69,1
2016-04-20,282.22,-2.23,1
2016-04-21,292.18,7.3,1
2016-04-22,288.85,5.17,1
2016-04-23,289.47,6.78,1
2016-04-24,286.28,2.3,1
2016-04-25,287.72,2.59,1
2016-04-26,291.93,6.3,1
2016-04-27,288.79,4.29,1
2016-04-28,291.91,7.83,1
2016-04-29,288.55,2.33,1
2016-04-30,290.29,5.0,1
2016-05-02,281.13,-4.44,1
2016-05-03,282.4,-1.8,1
2016-05-06,285.49,1.97,1
2016-05-09,278.95,-6.26,1
2016-05-10,274.77,-9.91,1
2016-05-14,291.34,5.83,1
2016-05-15,280.98,-2.73,1
2016-05-16,284.23,-1.43,1
2016-05-17,289.93,4.21,1
2016-05-18,276.82,-10.88,1
2016-05-19,290.86,7.49,1
2016-05-23,296.55,8.75,1
2016-05-25,284.53,-1.61,1
2016-05-26,281.9,-1.93,1
2016-05-30,287.47,1.07,1
2016-05-31,278.9,-7.36,1
2016-06-01,293.23,6.97,1
2016-06-02,283.01,-3.55,1
2016-06-03,288.88,2.72,1
2016-06-06,288.1,1.76,1
2016-06-09,277.08,-12.68,1
2016-06-10,281.43,-7.17,1
2016-06-12,265.74,-21.08,1
2016-06-13,287.68,1.15,1
2016-06-15,286.21,1.17,1
2016-06-17,281.54,-3.04,1
2016-06-22,277.78,-5.51,1
2016-06-23,270.49,-15.23,1
2016-06-24,272.0,-14.04,1
2016-06-25,273.33,-12.69,1
2016-06-26,282.22,-1.03,1
2016-06-27,273.64,-9.84,1
2016-06-28,269.04,-14.73,1
2016-07-01,268.29,-15.47,1
2016-07-02,262.61,-24.0,1
2016-07-03,273.43,-11.95,1
2016-07-04,267.09,-17.07,1
2016-07-05,262.11,-19.59,1
2016-07-06,268.63,-12.28,1
2016-07-08,284.1,0.94,1
2016-07-10,263.53,-19.86,1
2016-07-11,269.82,-13.25,1
2016-07-12,269.53,-10.29,1
2016-07-15,289.92,6.12,1
2016-07-16,262.27,-22.22,1
2016-07-18,275.27,-5.72,1
2016-07-19,267.06,-13.71,1
2016-07-20,268.34,-17.76,1
2016-07-22,265.81,-16.66,1
2016-07-23,264.12,-19.22,1
2016-07-24,262.83,-17.12,1
2016-07-26,266.74,-15.25,1
2016-07-27,266.03,-12.86,1
2016-07-28,266.54,-15.0,1
2016-07-29,271.48,-7.26,1
2016-08-01,259.89,-22.22,1
2016-08-02,264.02,-18.7,1
2016-08-04,285.72,1.86,1
2016-08-05,259.58,-23.11,1
2016-08-06,266.97,-15.13,1
2016-08-07,272.05,-12.88,1
2016-08-09,275.04,-7.77,1
2016-08-10,278.72,-4.24,1
2016-08-11,266.37,-16.48,1
2016-08-12,262.46,-22.42,1
2016-08-14,272.17,-7.82,1
2016-08-15,268.59,-13.9,1
2016-08-16,264.12,-18.81,1
2016-08-17,263.33,-20.15,1
2016-08-18,259.97,-23.88,1
2016-08-20,292.65,7.89,1
2016-08-23,285.16,1.32,1
2016-08-25,277.9,-4.69,1
2016-08-27,291.28,8.25,1
2016-08-28,275.04,-7.45,1
2016-08-29,286.26,4.15,1
2016-08-30,265.9,-18.89,1
2016-09-01,284.68,0.32,1
2016-09-02,271.05,-10.88,1
2016-09-03,268.58,-12.31,1
2016-09-04,268.11,-15.0,1
2016-09-05,278.29,-4.1,1
2016-09-06,279.93,-3.9,1
2016-09-07,278.28,-5.28,1
2016-09-08,267.03,-16.56,1
2016-09-09,259.6,-25.23,1
2016-09-10,263.84,-18.14,1
2016-09-11,273.11,-11.84,1
2016-09-12,269.07,-13.45,1
2016-09-13,268.13,-14.21,1
2016-09-14,278.83,-4.37,1
2016-09-15,285.24,3.35,1
2016-09-17,277.42,-6.53,1
2016-09-18,260.52,-23.11,1
2016-09-19,273.89,-12.02,1
2016-09-20,263.91,-21.23,1
2016-09-22,280.58,-1.73,1
2016-09-23,280.02,-3.85,1
2016-09-24,265.57,-21.4,1
2016-09-26,263.9,-20.34,1
2016-09-27,273.99,-12.09,1
2016-09-30,264.77,-20.32,1
2016-10-01,278.46,-5.42,1
2016-10-02,277.8,-6.52,1
2016-10-03,280.9,-2.25,1
2016-10-04,272.34,-11.2,1
2016-10-05,283.53,-0.81,1
2016-10-06,263.76,-21.31,1
2016-10-07,279.99,-5.31,1
2016-10-08,281.46,-1.99,1
2016-10-09,267.26,-16.86,1
2016-10-10,282.96,-1.16,1
2016-10-11,277.29,-8.35,1
2016-10-13,268.19,-16.12,1
2016-10-14,282.29,-3.69,1
2016-10-15,283.24,-3.34,1
2016-10-16,285.48,-0.16,1
2016-10-17,283.8,-1.29,1
2016-10-18,285.41,0.67,1
2016-10-19,284.27,0.03,1
2016-10-20,282.58,-1.25,1
2016-10-21,286.75,3.39,1
2016-10-22,283.49,0.28,1
2016-10-23,286.05,3.56,1
2016-10-24,285.23,2.3,1
2016-10-25,284.07,2.13,1
2016-10-26,282.1,-0.54,1
2016-10-27,278.14,-4.24,1
2016-10-28,284.36,2.37,1
2016-10-29,278.95,-2.57,1
2016-10-30,283.18,1.99,1
2016-10-31,281.88,0.07,1
2016-11-01,281.55,-0.26,1
2016-11-02,280.66,-1.17,1
2016-11-03,281.9,0.67,1
2016-11-04,282.21,2.62,1
2016-11-05,276.58,-2.9,1
2016-11-06,281.31,1.0,1
2016-11-07,277.99,-2.23,1
2016-11-08,282.73,2.72,1
2016-11-09,284.24,3.73,1
2016-11-10,285.31,4.5,1
2016-11-11,286.05,5.68,1
2016-11-12,279.85,-1.22,1
2016-11-13,283.23,1.76,1
2016-11-14,278.51,-2.3,1
2016-11-15,280.88,1.32,1
2016-11-16,278.54,-1.25,1
2016-11-17,280.41,1.23,1
2016-11-18,280.68,1.5,1
2016-11-19,281.61,2.72,1
2016-11-20,283.14,3.38,1
2016-11-21,278.81,0.06,1
2016-11-22,282.55,3.03,1
2016-11-23,280.7,2.29,1
2016-11-24,283.7,5.26,1
2016-11-25,279.35,0.66,1
2016-11-26,280.93,2.73,1
2016-11-27,280.1,0.92,1
2016-11-28,278.73,1.5,1
2016-11-29,279.8,0.79,1
2016-11-30,279.78,3.89,1
2016-12-01,281.56,3.73,1
2016-12-02,278.42,2.27,1
2016-12-03,275.37,-0.85,1
2016-12-04,277.91,1.03,1
2016-12-05,280.86,4.66,1
2016-12-06,280.03,3.34,1
2016-12-07,276.8,1.47,1
2016-12-08,281.88,4.26,1
2016-12-09,278.28,0.93,1
2016-12-10,283.2,7.1,1
2016-12-11,280.63,3.88,1
2016-12-12,281.2,5.51,1
2016-12-13,281.47,6.65,1
2016-12-15,277.51,2.61,1
2016-12-16,277.49,3.94,1
2016-12-17,283.2,9.96,1
2016-12-18,280.25,6.65,1
2016-12-19,281.76,7.17,1
2016-12-20,280.55,6.32,1
2016-12-21,281.11,6.49,1
2016-12-22,282.97,9.59,1
2016-12-23,278.53,3.95,1
2016-12-24,281.1,8.68,1
2016-12-25,273.06,1.77,1
2016-12-26,275.38,2.23,1
2016-12-27,269.53,-1.1,1
2016-12-28,275.65,4.23,1
2016-12-29,276.07,3.63,1
2016-12-30,272.86,0.53,1
2016-12-31,274.71,4.18,1
2017-01-04,270.54,-1.01,1
2017-01-05,262.86,-4.08,1
2017-01-06,270.46,-1.05,1
2017-01-07,268.23,-4.42,1
2017-01-08,266.91,-4.16,1
2017-01-09,269.87,-1.51,1
2017-01-10,267.66,-2.23,1
2017-01-11,268.72,-4.49,1
2017-01-12,269.22,-3.83,1
2017-01-13,269.56,-3.43,1
2017-01-14,269.4,-3.37,1
2017-01-15,270.12,-1.2,1
2017-01-16,273.75,0.82,1
2017-01-17,270.93,0.06,1
2017-01-18,274.67,1.94,1
2017-01-19,272.04,1.01,1
2017-01-20,276.15,3.93,1
2017-01-21,278.82,6.72,1
2017-01-22,275.25,2.75,1
2017-01-23,277.25,3.61,1
2017-01-24,273.7,3.53,1
2017-01-25,280.65,8.57,1
2017-01-26,276.29,5.21,1
2017-01-28,253.83,-18.61,1
2017-01-30,268.93,-2.57,1
2017-01-31,270.96,-1.21,1
2017-02-01,270.39,-1.78,1
2017-02-02,271.74,0.08,1
2017-02-03,274.12,-0.05,1
2017-02-04,276.99,2.43,1
2017-02-05,277.01,3.79,1
2017-02-06,272.56,-0.48,1
2017-02-07,274.89,3.17,1
2017-02-08,276.39,4.96,1
2017-02-09,273.67,2.56,1
2017-02-10,276.66,4.49,1
2017-02-11,274.45,0.2,1
2017-02-12,264.5,-9.82,1
2017-02-13,277.45,2.61,1
2017-02-14,274.3,0.4,1
2017-02-15,278.25,3.35,1
2017-02-16,282.13,8.32,1
2017-02-17,283.2,7.76,1
2017-02-18,281.17,5.12,1
2017-02-19,286.46,10.24,1
2017-02-20,281.38,6.81,1
2017-02-21,276.41,1.5,1
2017-02-22,274.33,-0.9,1
2017-02-23,279.64,4.53,1
2017-02-24,281.6,5.22,1
2017-02-25,277.94,3.57,1
2017-02-26,283.07,6.72,1
2017-02-27,281.74,7.14,1
2017-02-28,285.72,8.86,1
2017-03-01,283.29,5.53,1
2017-03-02,283.21,5.72,1
2017-03-03,277.06,-2.01,1
2017-03-04,276.84,0.73,1
2017-03-05,280.17,4.19,1
2017-03-06,274.2,-0.85,1
2017-03-07,278.0,-0.54,1
2017-03-08,278.46,1.28,1
2017-03-09,275.37,-1.67,1
2017-03-12,268.05,-9.16,1
2017-03-13,273.19,-4.77,1
2017-03-14,276.33,-1.67,1
2017-03-15,276.24,-1.21,1
2017-03-16,283.55,6.09,1
2017-03-17,275.59,-2.16,1
2017-03-18,276.36,-1.81,1
2017-03-19,264.52,-14.61,1
2017-03-20,276.83,-1.11,1
2017-03-21,281.43,1.53,1
2017-03-22,285.47,7.07,1
2017-03-23,291.73,13.17,1
2017-03-24,287.17,5.79,1
2017-03-26,281.04,0.09,1
2017-03-27,286.72,5.24,1
2017-03-28,288.32,6.64,1
2017-03-29,284.81,3.18,1
2017-03-30,289.28,7.29,1
2017-03-31,288.32,7.26,1
2017-04-01,288.62,7.56,1
2017-04-02,282.93,2.53,1
2017-04-03,279.12,-1.52,1
2017-04-04,280.75,0.35,1
2017-04-05,284.88,1.72,1
2017-04-06,289.7,7.57,1
2017-04-07,287.07,4.13,1
2017-04-08,288.38,6.48,1
2017-04-09,286.18,3.5,1
2017-04-10,282.82,0.07,1
2017-04-11,288.16,5.82,1
2017-04-12,290.33,6.55,1
2017-04-13,281.06,-2.74,1
2017-04-14,286.97,2.97,1
2017-04-17,279.97,-4.94,1
2017-04-18,287.68,3.53,1
2017-04-19,281.02,-3.66,1
2017-04-20,284.17,-0.28,1
2017-04-22,273.91,-9.77,1
2017-04-23,271.04,-11.65,1
2017-04-25,284.44,-0.69,1
2017-04-26,287.5,1.87,1
2017-04-27,283.17,-1.33,1
2017-04-28,285.13,1.05,1
2017-04-29,288.26,2.04,1
2017-04-30,283.01,-2.28,1
2017-05-01,288.74,4.35,1
2017-05-02,280.48,-5.09,1
2017-05-03,291.95,7.75,1
2017-05-04,281.98,-1.69,1
2017-05-05,279.41,-3.38,1
2017-05-06,290.49,6.97,1
2017-05-07,286.99,2.27,1
2017-05-08,293.66,8.58,1
2017-05-12,278.48,-5.12,1
2017-05-13,278.42,-5.36,1
2017-05-15,278.39,-5.32,1
2017-05-17,269.51,-16.21,1
2017-05-18,283.95,-3.75,1
2017-05-19,288.54,5.17,1
2017-05-20,287.53,3.56,1
2017-05-21,287.33,2.76,1
2017-05-22,282.87,-2.99,1
2017-05-23,288.11,0.31,1
2017-05-24,292.42,8.35,1
2017-05-25,290.11,3.97,1
2017-05-28,284.34,-0.34,1
2017-05-29,291.12,5.84,1
2017-05-31,279.67,-6.59,1
2017-06-01,284.15,-2.11,1
2017-06-02,289.24,2.68,1
2017-06-04,292.27,2.78,1
2017-06-05,284.93,-3.51,1
2017-06-06,286.49,0.15,1
2017-06-07,292.73,4.69,1
2017-06-09,293.7,3.94,1
2017-06-11,289.46,3.14,1
2017-06-13,284.56,-1.97,1
2017-06-14,290.82,5.45,1
2017-06-15,292.82,7.78,1
2017-06-17,285.98,1.4,1
2017-06-18,292.05,7.98,1
2017-06-21,277.44,-5.87,1
2017-06-22,273.78,-9.51,1
2017-06-23,278.96,-6.76,1
2017-06-24,263.72,-22.32,1
2017-06-25,279.31,-6.71,1
2017-06-26,265.93,-17.32,1
2017-06-28,274.76,-9.01,1
2017-06-30,261.45,-25.21,1
2017-07-02,276.65,-9.96,1
2017-07-05,263.18,-18.52,1
2017-07-10,260.2,-23.19,1
2017-07-11,263.6,-19.47,1
2017-07-12,269.18,-10.64,1
2017-07-13,276.1,-7.16,1
2017-07-15,264.52,-19.28,1
2017-07-16,289.6,5.11,1
2017-07-17,282.31,-1.02,1
2017-07-18,278.94,-2.05,1
2017-07-19,278.82,-1.95,1
2017-07-20,275.01,-11.09,1
2017-07-21,275.07,-5.04,1
2017-07-22,265.61,-16.86,1
2017-07-24,266.93,-13.02,1
2017-07-25,263.79,-19.13,1
2017-07-26,267.77,-14.22,1
2017-07-27,270.81,-8.08,1
2017-07-28,264.02,-17.52,1
2017-07-30,270.4,-10.93,1
2017-07-31,280.52,-1.59,1
2017-08-01,267.74,-14.37,1
2017-08-02,265.24,-17.48,1
2017-08-03,269.29,-11.15,1
2017-08-04,264.78,-19.08,1
2017-08-06,266.7,-15.4,1
2017-08-07,266.92,-18.01,1
2017-08-08,276.19,-7.84,1
2017-08-09,257.24,-25.57,1
2017-08-10,266.18,-16.78,1
2017-08-11,262.4,-20.45,1
2017-08-14,268.74,-11.25,1
2017-08-15,268.44,-14.05,1
2017-08-16,272.73,-10.2,1
2017-08-18,258.52,-25.33,1
2017-08-19,271.87,-10.68,1
2017-08-21,274.1,-12.17,1
2017-08-22,266.04,-18.18,1
2017-08-23,270.31,-13.53,1
2017-08-24,264.95,-16.27,1
2017-08-25,265.56,-17.03,1
2017-08-26,267.99,-15.1,1
2017-08-28,269.54,-12.95,1
2017-08-29,276.13,-5.98,1
2017-08-30,279.25,-5.54,1
2017-08-31,261.84,-22.52,1
2017-09-01,276.54,-7.82,1
2017-09-02,276.92,-5.01,1
2017-09-03,264.19,-16.7,1
2017-09-04,287.02,3.91,1
2017-09-05,284.76,2.37,1
2017-09-06,290.85,7.02,1
2017-09-07,283.71,0.15,1
2017-09-08,291.41,7.82,1
2017-09-09,292.02,7.19,1
2017-09-10,274.49,-7.49,1
2017-09-11,284.59,-0.36,1
2017-09-12,276.46,-6.06,1
2017-09-13,286.78,4.44,1
2017-09-14,284.51,1.31,1
2017-09-15,288.86,6.97,1
2017-09-16,285.86,2.29,1
2017-09-17,281.8,-2.15,1
2017-09-18,287.29,3.66,1
2017-09-19,281.28,-4.63,1
2017-09-22,282.41,0.1,1
2017-09-23,279.94,-3.93,1
2017-09-24,287.98,1.01,1
2017-09-25,287.57,1.21,1
2017-09-26,291.59,7.35,1
2017-09-27,289.77,3.69,1
2017-09-28,280.79,-3.83,1
2017-10-01,292.01,8.13,1
2017-10-02,287.2,2.88,1
2017-10-03,289.78,6.63,1
2017-10-04,289.92,6.38,1
2017-10-05,291.68,7.34,1
2017-10-06,291.22,6.15,1
2017-10-07,282.51,-2.79,1
2017-10-08,288.93,5.48,1
2017-10-10,279.51,-4.61,1
2017-10-12,279.19,-5.97,1
2017-10-13,285.94,1.63,1
2017-10-14,283.67,-2.31,1
2017-10-15,287.52,0.94,1
2017-10-16,282.35,-3.29,1
2017-10-17,289.19,4.1,1
2017-10-18,287.21,2.47,1
2017-10-19,290.49,6.25,1
2017-10-20,282.91,-0.92,1
2017-10-21,287.84,4.48,1
2017-10-22,289.74,6.53,1
2017-10-23,280.98,-1.51,1
2017-10-24,284.93,2.0,1
2017-10-25,283.24,1.3,1
2017-10-26,286.98,4.34,1
2017-10-27,284.08,1.7,1
2017-10-28,283.2,1.21,1
2017-10-29,277.51,-4.01,1
2017-10-30,276.81,-4.38,1
2017-10-31,280.92,-0.89,1
2017-11-01,279.17,-2.64,1
2017-11-02,282.28,0.45,1
2017-11-03,268.27,-12.96,1
2017-11-04,279.0,-0.59,1
2017-11-05,276.77,-2.71,1
2017-11-06,283.76,3.45,1
2017-11-07,283.35,3.13,1
2017-11-08,278.78,-1.23,1
2017-11-09,281.2,0.69,1
2017-11-10,278.72,-2.09,1
2017-11-11,282.08,1.71,1
2017-11-12,281.61,0.54,1
2017-11-13,283.6,2.13,1
2017-11-14,281.8,0.99,1
2017-11-15,271.08,-8.48,1
2017-11-16,279.66,-0.13,1
2017-11-17,277.84,-1.34,1
2017-11-18,282.17,2.99,1
2017-11-19,277.91,-0.98,1
2017-11-20,279.12,-0.64,1
2017-11-21,280.29,1.54,1
2017-11-22,278.89,-0.63,1
2017-11-23,280.88,2.47,1
2017-11-24,274.72,-3.72,1
2017-11-25,279.22,0.53,1
2017-11-26,278.3,0.1,1
2017-11-27,279.9,0.72,1
2017-11-28,275.66,-1.57,1
2017-11-29,278.32,-0.69,1
2017-11-30,279.48,3.59,1
2017-12-01,277.26,-0.57,1
2017-12-02,281.09,4.94,1
2017-12-03,279.9,3.68,1
2017-12-04,284.71,7.83,1
2017-12-05,279.92,3.72,1
2017-12-06,280.71,4.02,1
2017-12-07,282.63,7.3,1
2017-12-08,280.23,2.61,1
2017-12-09,281.13,3.78,1
2017-12-10,278.39,2.29,1
2017-12-11,281.16,4.41,1
2017-12-12,275.41,-0.28,1
2017-12-13,277.84,3.02,1
2017-12-14,276.28,1.62,1
2017-12-15,279.42,4.52,1
2017-12-16,275.02,1.47,1
2017-12-17,276.75,3.51,1
2017-12-18,276.32,2.72,1
2017-12-19,278.97,4.38,1
2017-12-20,281.15,6.92,1
2017-12-21,278.56,3.94,1
2017-12-22,280.4,7.02,1
2017-12-23,280.02,5.44,1
2017-12-24,269.48,-2.94,1
2017-12-25,274.5,3.21,1
2017-12-27,277.31,6.68,1
2017-12-28,275.36,3.94,1
2017-12-29,276.45,4.01,1
2017-12-30,272.98,0.65,1
2017-12-31,273.01,2.48,1
2018-01-03,250.72,-17.67,1
2018-01-04,269.25,-2.3,1
2018-01-05,266.13,-0.81,1
2018-01-06,269.42,-2.09,1
2018-01-07,273.68,1.03,1
2018-01-08,280.57,9.5,1
2018-01-09,280.7,9.32,1
2018-01-10,282.45,12.56,1
2018-01-11,279.69,6.48,1
2018-01-12,284.96,11.91,1
2018-01-13,279.21,6.22,1
2018-01-14,281.36,8.59,1
2018-01-15,276.61,5.29,1
2018-01-16,279.09,6.16,1
2018-01-17,280.17,9.3,1
2018-01-18,277.38,4.65,1
2018-01-19,281.9,10.87,1
2018-01-20,278.33,6.11,1
2018-01-21,281.66,9.56,1
2018-01-22,281.2,8.7,1
2018-01-23,279.13,5.49,1
2018-01-24,269.79,-0.38,1
2018-01-25,275.68,3.6,1
2018-01-26,274.26,3.18,1
2018-01-27,272.86,3.1,1
2018-01-28,281.55,9.11,1
2018-01-29,279.36,7.86,1
2018-01-30,282.65,11.15,1
2018-01-31,279.91,7.74,1
2018-02-01,282.56,10.39,1
2018-02-02,280.19,8.53,1
2018-02-03,276.82,2.65,1
2018-02-04,282.75,8.19,1
2018-02-05,278.68,5.46,1
2018-02-06,278.56,5.52,1
2018-02-08,279.18,7.75,1
2018-02-09,269.47,-1.64,1
2018-02-10,276.7,4.53,1
2018-02-11,279.44,5.19,1
2018-02-15,268.83,-6.07,1
2018-02-16,272.07,-1.74,1
2018-02-17,272.26,-3.18,1
2018-02-18,270.84,-5.21,1
2018-02-19,263.46,-12.76,1
2018-02-20,278.81,4.24,1
2018-02-21,276.77,1.86,1
2018-02-22,275.97,0.74,1
2018-02-23,273.62,-1.49,1
2018-02-24,280.56,4.18,1
2018-02-25,279.2,4.83,1
2018-02-27,276.48,1.88,1
2018-02-28,275.93,-0.93,1
2018-03-01,281.5,3.74,1
2018-03-02,273.35,-4.14,1
2018-03-03,271.36,-7.71,1
2018-03-04,278.06,1.95,1
2018-03-05,267.82,-8.16,1
2018-03-06,267.8,-7.25,1
2018-03-07,275.58,-2.96,1
2018-03-08,277.64,0.46,1
2018-03-09,277.33,0.29,1
2018-03-10,280.39,2.17,1
2018-03-11,274.26,-3.52,1
2018-03-12,277.61,0.4,1
2018-03-13,269.47,-8.49,1
2018-03-14,281.42,3.42,1
2018-03-15,283.67,6.22,1
2018-03-16,275.32,-2.14,1
2018-03-17,281.4,3.65,1
2018-03-19,285.07,5.94,1
2018-03-20,283.71,5.77,1
2018-03-21,286.1,6.2,1
2018-03-22,282.99,4.59,1
2018-03-23,277.11,-1.45,1
2018-03-24,286.16,4.78,1
2018-03-25,281.96,2.11,1
2018-03-26,283.26,2.31,1
2018-03-27,271.06,-10.42,1
2018-03-28,283.93,2.25,1
2018-03-29,281.57,-0.06,1
2018-04-01,272.66,-8.4,1
2018-04-02,273.85,-6.55,1
2018-04-03,273.18,-7.46,1
2018-04-04,283.66,3.26,1
2018-04-05,270.84,-12.32,1
2018-04-06,275.64,-6.49,1
2018-04-07,271.6,-11.34,1
2018-04-09,285.36,2.68,1
2018-04-10,281.19,-1.56,1
2018-04-11,281.25,-1.09,1
2018-04-12,285.56,1.78,1
2018-04-13,282.74,-1.06,1
2018-04-14,287.94,3.94,1
2018-04-17,271.36,-13.55,1
2018-04-18,281.72,-2.43,1
2018-04-19,286.89,2.21,1
2018-04-20,289.34,4.89,1
2018-04-21,289.57,4.69,1
2018-04-22,288.05,4.37,1
2018-04-23,290.83,8.14,1
2018-04-24,285.1,1.12,1
2018-04-26,267.38,-18.25,1
2018-04-28,277.56,-6.52,1
2018-05-01,276.83,-7.56,1
2018-05-02,277.61,-7.96,1
2018-05-03,269.95,-14.25,1
2018-05-04,276.39,-7.28,1
2018-05-05,285.72,2.93,1
2018-05-06,289.05,5.53,1
2018-05-07,290.4,5.68,1
2018-05-08,292.94,7.86,1
2018-05-09,271.34,-13.87,1
2018-05-13,287.51,3.73,1
2018-05-15,285.84,2.13,1
2018-05-16,284.14,-1.52,1
2018-05-17,278.37,-7.35,1
2018-05-18,293.13,5.43,1
2018-05-19,278.92,-4.45,1
2018-05-20,294.85,10.88,1
2018-05-21,285.65,1.08,1
2018-05-22,296.88,11.02,1
2018-05-23,281.01,-6.79,1
2018-05-25,282.54,-3.6,1
2018-05-27,292.51,6.23,1
2018-05-28,280.06,-4.62,1
2018-05-29,287.09,1.81,1
2018-05-30,288.2,1.8,1
2018-05-31,284.1,-2.16,1
2018-06-03,279.52,-6.64,1
2018-06-04,276.66,-12.83,1
2018-06-05,275.4,-13.04,1
2018-06-06,281.99,-4.35,1
2018-06-07,282.95,-5.09,1
2018-06-09,263.08,-26.68,1
2018-06-10,283.17,-5.43,1
2018-06-12,290.95,4.13,1
2018-06-13,280.43,-6.1,1
2018-06-14,277.69,-7.68,1
2018-06-15,281.64,-3.4,1
2018-06-16,286.92,1.63,1
2018-06-17,285.81,1.23,1
2018-06-18,282.74,-1.33,1
2018-06-19,295.18,10.95,1
2018-06-20,272.06,-10.36,1
2018-06-21,292.98,9.67,1
2018-06-22,286.74,3.45,1
2018-06-23,282.14,-3.58,1
2018-06-24,287.74,1.7,1
2018-06-25,288.25,2.23,1
2018-06-28,285.05,1.28,1
2018-06-29,281.3,-4.44,1
2018-06-30,283.72,-2.94,1
2018-07-03,279.05,-6.33,1
2018-07-04,268.43,-15.73,1
2018-07-05,274.96,-6.74,1
2018-07-06,280.61,-0.3,1
2018-07-07,287.07,2.85,1
2018-07-14,264.06,-17.88,1
2018-07-16,263.31,-21.18,1
2018-07-17,275.85,-7.48,1
2018-07-18,260.7,-20.29,1
2018-07-20,263.84,-22.26,1
2018-07-21,264.6,-15.51,1
2018-07-24,267.13,-12.82,1
2018-07-25,269.01,-13.91,1
2018-07-26,271.15,-10.84,1
2018-07-27,272.88,-6.01,1
2018-07-28,274.76,-6.78,1
2018-08-03,274.79,-5.65,1
2018-08-04,279.9,-3.96,1
2018-08-05,269.26,-13.43,1
2018-08-06,268.75,-13.35,1
2018-08-07,269.25,-15.68,1
2018-08-08,279.67,-4.36,1
2018-08-09,268.06,-14.75,1
2018-08-10,276.74,-6.22,1
2018-08-12,263.1,-21.78,1
2018-08-15,274.75,-7.74,1
2018-08-17,265.44,-18.04,1
2018-08-18,264.89,-18.96,1
2018-08-20,276.76,-8.0,1
2018-08-21,268.82,-17.45,1
2018-08-22,269.86,-14.36,1
2018-08-23,264.51,-19.33,1
2018-08-25,269.54,-13.05,1
2018-08-26,266.06,-17.03,1
2018-08-27,270.61,-12.42,1
2018-08-29,269.68,-12.43,1
2018-08-31,270.24,-14.12,1
2018-09-01,262.28,-22.08,1
2018-09-02,264.14,-17.79,1
2018-09-03,265.76,-15.13,1
2018-09-04,270.14,-12.97,1
2018-09-05,285.62,3.23,1
2018-09-06,277.98,-5.85,1
2018-09-07,287.59,4.03,1
2018-09-08,288.76,5.17,1
2018-09-09,291.85,7.02,1
2018-09-11,281.79,-3.16,1
2018-09-12,280.72,-1.8,1
2018-09-13,283.11,0.77,1
2018-09-14,283.21,0.01,1
2018-09-16,287.79,4.22,1
2018-09-17,287.77,3.82,1
2018-09-18,290.85,7.22,1
2018-09-19,284.21,-1.7,1
2018-09-22,275.93,-6.38,1
2018-09-23,289.9,6.03,1
2018-09-24,285.9,-1.07,1
2018-09-25,288.04,1.68,1
2018-09-26,289.41,5.17,1
2018-09-27,289.92,3.84,1
2018-09-28,291.72,7.1,1
2018-09-29,292.9,7.71,1
2018-09-30,291.54,6.45,1
2018-10-02,290.77,6.45,1
2018-10-03,286.59,3.44,1
2018-10-04,286.56,3.02,1
2018-10-05,287.25,2.91,1
2018-10-06,287.42,2.35,1
2018-10-07,286.48,1.18,1
2018-10-08,286.12,2.67,1
2018-10-09,288.69,4.57,1
2018-10-10,283.13,-0.99,1
2018-10-11,276.51,-9.13,1
2018-10-13,280.59,-3.72,1
2018-10-14,282.62,-3.36,1
2018-10-15,284.27,-2.31,1
2018-10-16,287.47,1.83,1
2018-10-18,284.18,-0.56,1
2018-10-19,280.23,-4.01,1
2018-10-20,285.62,1.79,1
2018-10-21,282.19,-1.17,1
2018-10-22,284.86,1.65,1
2018-10-23,282.07,-0.42,1
2018-10-24,280.78,-2.15,1
2018-10-25,282.91,0.97,1
2018-10-26,278.1,-4.54,1
2018-10-27,282.14,-0.24,1
2018-10-28,279.61,-2.38,1
2018-10-29,278.98,-2.54,1
2018-10-30,281.15,-0.04,1
2018-10-31,284.72,2.91,1
2018-11-01,283.98,2.17,1
2018-11-02,274.75,-7.08,1
2018-11-03,283.65,2.42,1
2018-11-04,279.09,-0.5,1
2018-11-05,283.74,4.26,1
2018-11-06,279.73,-0.58,1
2018-11-07,282.48,2.26,1
2018-11-08,281.84,1.83,1
2018-11-09,282.8,2.29,1
2018-11-10,280.91,0.1,1
2018-11-11,279.33,-1.04,1
2018-11-12,283.22,2.15,1
2018-11-13,278.58,-2.89,1
2018-11-14,281.89,1.08,1
2018-11-15,278.17,-1.39,1
2018-11-16,281.59,1.8,1
2018-11-17,279.62,0.44,1
2018-11-18,277.18,-2.0,1
2018-11-19,282.51,3.62,1
2018-11-20,276.92,-2.84,1
2018-11-21,281.51,2.76,1
2018-11-22,281.12,1.6,1
2018-11-23,283.55,5.14,1
2018-11-24,277.79,-0.65,1
2018-11-25,282.93,4.24,1
2018-11-26,279.11,0.91,1
2018-11-27,277.47,-1.71,1
2018-11-28,275.14,-2.09,1
2018-11-29,268.88,-10.13,1
2018-11-30,281.48,5.59,1
2018-12-01,276.51,-1.32,1
2018-12-02,279.59,3.44,1
2018-12-03,279.45,3.23,1
2018-12-04,275.32,-1.56,1
2018-12-05,269.67,-6.53,1
2018-12-06,273.18,-3.51,1
2018-12-07,272.83,-2.5,1
2018-12-08,274.09,-3.53,1
2018-12-09,277.32,-0.03,1
2018-12-10,273.85,-2.25,1
2018-12-11,270.27,-6.48,1
2018-12-12,271.02,-4.67,1
2018-12-13,267.18,-7.64,1
2018-12-14,267.69,-6.97,1
2018-12-15,270.14,-4.76,1
2018-12-16,275.96,2.41,1
2018-12-19,261.64,-12.95,1
2018-12-20,260.17,-14.06,1
2018-12-21,264.12,-10.5,1
2018-12-22,258.3,-15.08,1
2018-12-23,268.23,-6.35,1
2018-12-24,266.51,-5.91,1
2018-12-25,265.99,-5.3,1
2018-12-26,268.53,-4.62,1
2018-12-28,258.3,-13.12,1
2018-12-30,269.64,-2.69,1
2018-12-31,267.98,-2.55,1
2019-01-01,269.61,-1.45,1
2019-01-02,268.23,-2.1,1
2019-01-03,263.89,-4.5,1
2019-01-04,267.51,-4.04,1
2019-01-05,266.76,-0.18,1
2019-01-06,268.15,-3.36,1
2019-01-08,254.0,-17.07,1
2019-01-10,260.24,-9.65,1
2019-01-11,263.82,-9.39,1
2019-01-12,269.65,-3.4,1
2019-01-13,268.72,-4.27,1
2019-01-14,266.56,-6.21,1
2019-01-15,268.25,-3.07,1
2019-01-16,271.28,-1.65,1
2019-01-17,261.35,-9.52,1
2019-01-18,270.63,-2.1,1
2019-01-19,269.74,-1.29,1
2019-01-20,270.94,-1.28,1
2019-01-21,270.38,-1.72,1
2019-01-22,266.59,-5.91,1
2019-01-24,258.79,-11.38,1
2019-01-27,256.83,-12.93,1
2019-01-29,252.5,-19.0,1
2019-01-30,269.73,-1.77,1
2019-02-03,267.2,-6.97,1
2019-02-04,266.09,-8.47,1
2019-02-05,268.84,-4.38,1
2019-02-06,271.35,-1.69,1
2019-02-07,261.35,-10.37,1
2019-02-10,255.14,-17.03,1
2019-02-11,259.66,-14.59,1
2019-02-12,266.92,-7.4,1
2019-02-13,272.3,-2.54,1
2019-02-14,269.45,-4.45,1
2019-02-16,258.52,-15.29,1
2019-02-17,259.11,-16.33,1
2019-02-18,266.59,-9.46,1
2019-02-19,269.14,-7.08,1
2019-02-20,267.99,-6.58,1
2019-02-21,273.89,-1.02,1
2019-02-22,273.54,-1.69,1
2019-02-23,274.06,-1.05,1
2019-02-24,269.5,-6.88,1
2019-03-01,269.43,-8.33,1
2019-03-02,273.78,-3.71,1
2019-03-04,275.11,-1.0,1
2019-03-05,274.05,-1.93,1
2019-03-06,272.94,-2.11,1
2019-03-07,275.03,-3.51,1
2019-03-08,274.31,-2.87,1
2019-03-09,276.46,-0.58,1
2019-03-10,274.94,-3.28,1
2019-03-11,277.99,0.21,1
2019-03-12,276.57,-0.64,1
2019-03-13,281.27,3.31,1
2019-03-15,277.23,-0.22,1
2019-03-16,276.12,-1.34,1
2019-03-17,278.64,0.89,1
2019-03-18,275.22,-2.95,1
2019-03-20,279.93,1.99,1
2019-03-21,277.23,-2.67,1
2019-03-22,280.71,2.31,1
2019-03-23,276.52,-2.04,1
2019-03-24,279.75,-1.63,1
2019-03-25,282.54,2.69,1
2019-03-28,276.01,-5.67,1
2019-03-29,282.82,1.19,1
2019-03-30,282.04,0.05,1
2019-04-01,275.03,-6.03,1
2019-04-03,272.5,-8.14,1
2019-04-04,277.23,-3.17,1
2019-04-05,281.28,-1.88,1
2019-04-08,275.25,-6.65,1
2019-04-09,268.27,-14.41,1
2019-04-10,272.33,-10.42,1
2019-04-11,276.04,-6.3,1
2019-04-13,280.32,-3.48,1
2019-04-15,279.4,-4.69,1
2019-04-16,285.45,3.35,1
2019-04-18,278.27,-5.88,1
2019-04-19,280.24,-4.44,1
2019-04-21,278.39,-6.49,1
2019-04-23,275.8,-6.89,1
2019-04-24,280.77,-3.21,1
2019-04-25,284.0,-1.13,1
2019-04-26,285.11,-0.52,1
2019-04-27,282.27,-2.23,1
2019-04-28,287.98,3.9,1
2019-04-29,285.89,-0.33,1
2019-04-30,286.08,0.79,1
2019-05-01,288.23,3.84,1
2019-05-02,288.53,2.96,1
2019-05-05,283.36,0.57,1
2019-05-06,283.85,0.33,1
2019-05-07,288.62,3.9,1
2019-05-08,288.46,3.38,1
2019-05-09,291.27,6.06,1
2019-05-10,291.06,6.38,1
2019-05-11,290.66,5.74,1
2019-05-12,280.65,-2.95,1
2019-05-13,279.59,-4.19,1
2019-05-14,289.64,4.13,1
2019-05-15,283.71,0.0,1
2019-05-16,291.12,5.46,1
2019-05-17,291.25,5.53,1
2019-05-18,291.23,3.53,1
2019-05-19,288.51,5.14,1
2019-05-20,291.68,7.71,1
2019-05-21,294.23,9.66,1
2019-05-23,291.22,3.42,1
2019-05-24,287.98,3.91,1
2019-05-25,292.25,6.11,1
2019-05-26,293.08,9.25,1
2019-05-27,289.73,3.45,1
2019-05-28,290.48,5.8,1
2019-05-29,281.66,-3.62,1
2019-05-30,289.59,3.19,1
2019-06-01,286.64,0.38,1
2019-06-02,284.33,-2.23,1
2019-06-04,287.38,-2.11,1
2019-06-05,294.14,5.7,1
2019-06-06,289.0,2.66,1
2019-06-07,286.79,-1.25,1
2019-06-08,295.21,5.46,1
2019-06-09,290.91,1.15,1
2019-06-10,288.67,0.07,1
2019-06-12,284.74,-2.08,1
2019-06-13,282.71,-3.82,1
2019-06-14,282.23,-3.14,1
2019-06-15,282.23,-2.81,1
2019-06-16,290.32,5.03,1
2019-06-17,294.48,9.9,1
2019-06-18,289.07,5.0,1
2019-06-19,283.98,-0.25,1
2019-06-21,289.15,5.84,1
2019-06-24,295.03,8.99,1
2019-06-27,278.68,-4.8,1
2019-06-28,291.7,7.93,1
2019-06-29,297.58,11.84,1
2019-06-30,276.16,-10.5,1
2019-07-01,294.35,10.59,1
2019-07-02,282.64,-3.97,1
2019-07-03,292.76,7.38,1
2019-07-04,293.39,9.23,1
2019-07-05,275.38,-6.32,1
2019-07-10,271.02,-12.37,1
2019-07-12,255.31,-24.51,1
2019-07-13,265.24,-18.02,1
2019-07-15,273.4,-10.4,1
2019-07-16,265.09,-19.4,1
2019-07-17,291.66,8.33,1
2019-07-18,285.77,4.78,1
2019-07-19,282.47,1.7,1
2019-07-20,281.53,-4.57,1
2019-07-21,273.58,-6.53,1
2019-07-25,262.3,-20.62,1
2019-07-26,269.96,-12.03,1
2019-07-27,261.49,-17.4,1
2019-07-28,266.47,-15.07,1
2019-07-29,280.07,1.33,1
2019-07-31,264.72,-17.39,1
2019-08-01,263.1,-19.01,1
2019-08-04,286.31,2.45,1
2019-08-06,270.29,-11.81,1
2019-08-07,271.55,-13.38,1
2019-08-08,272.91,-11.12,1
2019-08-09,270.08,-12.73,1
2019-08-11,264.76,-18.09,1
2019-08-12,270.96,-13.92,1
2019-08-13,267.94,-15.44,1
2019-08-14,273.22,-6.77,1
2019-08-15,268.7,-13.79,1
2019-08-16,273.96,-8.97,1
2019-08-17,264.91,-18.57,1
2019-08-18,284.67,0.82,1
2019-08-19,283.44,0.89,1
2019-08-20,292.06,7.3,1
2019-08-22,284.81,0.59,1
2019-08-23,285.95,2.11,1
2019-08-26,272.11,-10.98,1
2019-08-27,291.26,8.23,1
2019-08-28,285.12,2.63,1
2019-08-30,285.89,1.1,1
2019-09-02,273.73,-8.2,1
2019-09-05,271.6,-10.79,1
2019-09-06,278.09,-5.74,1
2019-09-07,270.58,-12.98,1
2019-09-08,279.31,-4.28,1
2019-09-09,289.32,4.49,1
2019-09-10,287.95,5.97,1
2019-09-11,281.94,-3.01,1
2019-09-12,269.0,-13.52,1
2019-09-14,272.75,-10.45,1
2019-09-15,283.58,1.69,1
2019-09-18,260.66,-22.97,1
2019-09-19,267.62,-18.29,1
2019-09-20,276.8,-8.34,1
2019-09-21,285.5,1.12,1
2019-09-23,278.34,-5.53,1
2019-09-25,281.47,-4.89,1
2019-09-26,279.94,-4.3,1
2019-10-01,281.77,-2.11,1
2019-10-02,284.77,0.45,1
2019-10-03,284.6,1.45,1
2019-10-04,282.15,-1.39,1
2019-10-05,274.76,-9.58,1
2019-10-07,279.74,-5.56,1
2019-10-08,280.8,-2.65,1
2019-10-09,283.58,-0.54,1
2019-10-10,284.98,0.86,1
2019-10-11,287.35,1.71,1
2019-10-12,287.07,1.91,1
2019-10-13,284.9,0.59,1
2019-10-14,287.31,1.33,1
2019-10-15,283.54,-3.04,1
2019-10-16,286.54,0.9,1
2019-10-17,285.97,0.88,1
2019-10-18,285.41,0.67,1
2019-10-19,282.13,-2.11,1
2019-10-22,273.97,-9.24,1
2019-10-25,272.46,-9.48,1
2019-10-26,270.45,-12.19,1
2019-10-27,274.64,-7.74,1
2019-10-29,267.81,-13.71,1
2019-10-30,277.2,-3.99,1
2019-10-31,275.95,-5.86,1
2019-11-01,277.75,-4.06,1
2019-11-02,278.99,-2.84,1
2019-11-03,277.72,-3.51,1
2019-11-04,278.96,-0.63,1
2019-11-05,278.08,-1.4,1
2019-11-06,281.68,1.37,1
2019-11-07,277.55,-2.67,1
2019-11-08,270.08,-9.93,1
2019-11-10,279.83,-0.98,1
2019-11-11,280.99,0.62,1
2019-11-12,281.13,0.06,1
2019-11-13,282.12,0.65,1
2019-11-14,277.46,-3.35,1
2019-11-15,281.55,1.99,1
2019-11-16,278.46,-1.33,1
2019-11-17,281.01,1.83,1
2019-11-18,279.25,0.07,1
2019-11-19,279.94,1.05,1
2019-11-20,280.24,0.48,1
2019-11-21,277.29,-1.46,1
2019-11-22,282.85,3.33,1
2019-11-24,275.15,-3.29,1
2019-11-25,275.38,-3.31,1
2019-11-26,277.77,-0.43,1
2019-11-27,276.09,-3.09,1
2019-11-29,275.86,-3.15,1
2019-11-30,271.37,-4.52,1
2019-12-01,276.97,-0.86,1
2019-12-02,273.5,-2.65,1
2019-12-03,274.59,-1.63,1
2019-12-04,272.82,-4.06,1
2019-12-05,275.59,-0.61,1
2019-12-06,279.35,2.66,1
2019-12-08,277.18,-0.44,1
2019-12-09,273.05,-4.3,1
2019-12-10,279.06,2.96,1
2019-12-12,251.76,-23.93,1
2019-12-16,265.65,-7.9,1
2019-12-17,270.48,-2.76,1
2019-12-19,274.19,-0.4,1
2019-12-20,276.19,1.96,1
2019-12-21,264.08,-10.54,1
2019-12-22,274.52,1.14,1
2019-12-23,270.26,-4.32,1
2019-12-24,271.58,-0.84,1
2019-12-25,270.67,-0.62,1
2019-12-26,267.07,-6.08,1
2019-12-27,268.07,-2.56,1
2019-12-28,270.97,-0.45,1
2019-12-29,272.84,0.4,1
2019-12-30,272.9,0.57,1
2019-12-31,271.6,1.07,1
2020-01-02,262.56,-7.77,1
2020-01-05,260.57,-6.37,1
2020-01-06,268.73,-2.78,1
2020-01-07,263.43,-9.22,1
2020-01-09,265.2,-6.18,1
2020-01-10,266.14,-3.75,1
2020-01-11,272.31,-0.9,1
2020-01-12,276.47,3.42,1
2020-01-13,279.28,6.29,1
2020-01-14,275.52,2.75,1
2020-01-15,274.93,3.61,1
2020-01-16,274.68,1.75,1
2020-01-18,269.37,-3.36,1
2020-01-20,272.59,0.37,1
2020-01-22,272.84,0.34,1
2020-01-23,271.97,-1.67,1
2020-01-24,264.9,-5.27,1
2020-01-25,273.67,1.59,1
2020-01-26,271.19,0.11,1
2020-01-27,274.71,4.95,1
2020-01-28,274.92,2.48,1
2020-01-29,274.26,2.76,1
2020-01-30,271.53,0.03,1
2020-01-31,274.82,2.65,1
2020-02-01,270.15,-2.02,1
2020-02-02,270.05,-1.61,1
2020-02-03,275.95,1.78,1
2020-02-04,272.62,-1.94,1
2020-02-05,274.12,0.9,1
2020-02-06,267.97,-5.07,1
2020-02-07,272.96,1.24,1
2020-02-08,270.24,-1.19,1
2020-02-09,264.5,-6.61,1
2020-02-10,275.73,3.56,1
2020-02-11,275.42,1.17,1
2020-02-12,280.16,5.84,1
2020-02-13,277.48,2.64,1
2020-02-14,283.17,9.27,1
2020-02-15,280.5,5.6,1
2020-02-16,282.71,8.9,1
2020-02-17,282.7,7.26,1
2020-02-18,275.27,-0.78,1
2020-02-19,279.88,3.66,1
2020-02-21,271.12,-3.79,1
2020-02-24,273.88,-2.5,1
2020-02-28,266.71,-10.15,1
2020-02-29,269.39,-6.41,1
2020-03-01,272.08,-5.68,1
2020-03-02,271.11,-6.38,1
2020-03-03,272.66,-6.41,1
2020-03-04,273.18,-2.93,1
2020-03-05,272.77,-3.21,1
2020-03-07,270.62,-7.92,1
2020-03-08,276.18,-1.0,1
2020-03-09,276.14,-0.9,1
2020-03-10,279.94,1.72,1
2020-03-11,278.36,0.58,1
2020-03-16,268.54,-8.92,1
2020-03-17,271.59,-6.16,1
2020-03-18,272.98,-5.19,1
2020-03-19,272.59,-6.54,1
2020-03-20,268.29,-9.65,1
2020-03-21,270.36,-9.54,1
2020-03-22,273.43,-4.97,1
2020-03-24,269.48,-11.9,1
2020-03-25,272.67,-7.18,1
2020-03-26,276.74,-4.21,1
2020-03-27,279.1,-2.38,1
2020-03-28,273.8,-7.88,1
2020-03-29,278.43,-3.2,1
2020-03-30,274.35,-7.64,1
2020-03-31,280.77,-0.29,1
2020-04-01,273.93,-7.13,1
2020-04-02,278.92,-1.48,1
2020-04-03,276.56,-4.08,1
2020-04-04,280.14,-0.26,1
2020-04-05,279.3,-3.86,1
2020-04-06,278.1,-4.03,1
2020-04-07,280.22,-2.72,1
2020-04-08,279.24,-2.66,1
2020-04-09,271.75,-10.93,1
2020-04-10,271.09,-11.66,1
2020-04-11,277.81,-4.53,1
2020-04-12,272.9,-10.88,1
2020-04-14,273.85,-10.15,1
2020-04-16,281.48,-0.62,1
2020-04-17,280.19,-4.72,1
2020-04-18,279.7,-4.45,1
2020-04-19,281.73,-2.95,1
2020-04-20,280.53,-3.92,1
2020-04-23,284.36,1.67,1
2020-04-24,275.36,-8.62,1
2020-04-25,282.15,-2.98,1
2020-04-26,280.16,-5.47,1
2020-04-28,271.92,-12.16,1
2020-05-02,264.93,-20.64,1
2020-05-03,279.59,-4.61,1
2020-05-04,279.03,-4.64,1
2020-05-05,282.17,-0.62,1
2020-05-06,275.43,-8.09,1
2020-05-07,281.41,-3.31,1
2020-05-09,285.21,-0.0,1
2020-05-10,281.96,-2.72,1
2020-05-12,278.29,-5.31,1
2020-05-13,280.58,-3.2,1
2020-05-14,287.76,2.25,1
2020-05-15,279.11,-4.6,1
2020-05-16,290.27,4.61,1
2020-05-17,288.68,2.96,1
2020-05-18,291.88,4.18,1
2020-05-19,277.41,-5.96,1
2020-05-23,276.24,-11.56,1
2020-05-24,281.16,-2.91,1
2020-05-25,287.91,1.77,1
2020-05-29,265.08,-20.2,1
2020-05-30,285.21,-1.19,1
2020-05-31,270.37,-15.89,1
2020-06-01,277.14,-9.12,1
2020-06-02,284.13,-2.43,1
2020-06-03,282.62,-3.54,1
2020-06-07,286.88,-1.16,1
2020-06-08,288.78,-0.97,1
2020-06-09,284.18,-5.58,1
2020-06-10,275.28,-13.32,1
2020-06-11,287.73,1.41,1
2020-06-12,290.55,3.73,1
2020-06-13,284.0,-2.53,1
2020-06-14,279.8,-5.57,1
2020-06-15,272.34,-12.7,1
2020-06-17,273.71,-10.87,1
2020-06-19,268.68,-15.55,1
2020-06-20,271.93,-10.49,1
2020-06-21,277.36,-5.95,1
2020-06-22,267.69,-15.6,1
2020-06-23,271.2,-14.52,1
2020-06-24,270.91,-15.13,1
2020-06-26,282.28,-0.97,1
2020-06-27,275.53,-7.95,1
2020-06-28,262.14,-21.63,1
2020-06-29,263.19,-22.55,1
2020-06-30,288.09,1.43,1
2020-07-01,273.5,-10.26,1
2020-07-02,276.15,-10.46,1
2020-07-03,277.58,-7.8,1
2020-07-05,278.42,-3.28,1
2020-07-06,270.35,-10.56,1
2020-07-07,270.39,-13.83,1
2020-07-08,268.02,-15.14,1
2020-07-12,263.14,-16.68,1
2020-07-13,274.04,-9.22,1
2020-07-14,269.1,-12.84,1
2020-07-15,274.24,-9.56,1
2020-07-17,263.53,-19.8,1
2020-07-18,259.54,-21.45,1
2020-07-19,271.96,-8.81,1
2020-07-21,260.1,-20.01,1
2020-07-22,266.29,-16.18,1
2020-07-23,267.56,-15.78,1
2020-07-24,271.31,-8.64,1
2020-07-25,260.31,-22.61,1
2020-07-26,263.2,-18.79,1
2020-07-28,263.99,-17.55,1
2020-07-29,269.54,-9.2,1
2020-08-01,268.97,-13.14,1
2020-08-02,274.33,-8.39,1
2020-08-03,265.93,-14.51,1
2020-08-04,285.25,1.39,1
2020-08-05,271.35,-11.34,1
2020-08-06,271.82,-10.28,1
2020-08-07,288.25,3.32,1
2020-08-08,278.44,-5.59,1
2020-08-13,281.1,-2.28,1
2020-08-14,276.93,-3.06,1
2020-08-15,267.83,-14.66,1
2020-08-16,261.61,-21.32,1
2020-08-17,285.01,1.53,1
2020-08-18,290.93,7.08,1
2020-08-19,288.73,6.18,1
2020-08-20,287.74,2.98,1
2020-08-22,281.95,-2.27,1
2020-08-23,284.35,0.51,1
2020-08-26,282.76,-0.33,1
2020-08-27,288.93,5.9,1
2020-08-28,277.56,-4.93,1
2020-08-29,291.6,9.49,1
2020-08-30,279.46,-5.33,1
2020-09-01,284.64,0.28,1
2020-09-03,285.16,4.27,1
2020-09-04,286.78,3.67,1
2020-09-05,276.03,-6.36,1
2020-09-07,283.7,0.14,1
2020-09-08,272.86,-10.73,1
2020-09-09,273.92,-10.91,1
2020-09-10,279.58,-2.4,1
2020-09-11,273.57,-11.38,1
2020-09-12,272.09,-10.43,1
2020-09-13,274.91,-7.43,1
2020-09-14,283.79,0.59,1
2020-09-15,278.23,-3.66,1
2020-09-16,283.83,0.26,1
2020-09-17,284.2,0.25,1
2020-09-18,274.22,-9.41,1
2020-09-19,267.26,-18.65,1
2020-09-20,267.91,-17.23,1
2020-09-21,280.98,-3.4,1
2020-09-24,262.7,-24.27,1
2020-09-26,271.94,-12.3,1
2020-09-27,280.09,-5.99,1
2020-09-28,273.29,-11.33,1
2020-09-29,284.56,-0.63,1
2020-09-30,291.22,6.13,1
2020-10-01,286.64,2.76,1
2020-10-02,285.42,1.1,1
2020-10-03,282.12,-1.03,1
2020-10-04,283.19,-0.35,1
2020-10-05,283.7,-0.64,1
2020-10-06,287.83,2.76,1
2020-10-07,290.35,5.05,1
2020-10-08,287.63,4.18,1
2020-10-09,293.24,9.12,1
2020-10-10,290.59,6.47,1
2020-10-11,293.7,8.06,1
2020-10-12,291.99,6.83,1
2020-10-13,292.44,8.13,1
2020-10-14,291.15,5.17,1
2020-10-15,288.91,2.33,1
2020-10-16,293.11,7.47,1
2020-10-17,289.54,4.45,1
2020-10-18,291.94,7.2,1
2020-10-19,289.29,5.05,1
2020-10-20,289.17,5.34,1
2020-10-21,287.58,4.22,1
2020-10-22,283.87,0.66,1
2020-10-23,285.35,2.86,1
2020-10-24,285.25,2.32,1
2020-10-25,288.34,6.4,1
2020-10-26,282.16,-0.48,1
2020-10-27,284.22,1.84,1
2020-10-28,284.81,2.82,1
2020-10-29,284.65,3.13,1
2020-10-30,286.1,4.91,1
2020-10-31,282.5,0.69,1
2020-11-01,287.1,5.29,1
2020-11-02,282.28,0.45,1
2020-11-03,284.22,2.99,1
2020-11-04,279.86,0.27,1
2020-11-05,280.24,0.76,1
2020-11-06,283.16,2.85,1
2020-11-07,279.35,-0.87,1
2020-11-08,284.22,4.21,1
2020-11-09,281.1,0.59,1
2020-11-10,283.15,2.34,1
2020-11-11,281.12,0.75,1
2020-11-12,282.59,1.52,1
2020-11-13,282.33,0.86,1
2020-11-14,282.75,1.94,1
2020-11-15,284.58,5.02,1
2020-11-16,272.44,-7.35,1
2020-11-17,279.43,0.25,1
2020-11-18,277.05,-2.13,1
2020-11-19,280.54,1.65,1
2020-11-20,278.97,-0.79,1
2020-11-21,275.68,-3.07,1
2020-11-22,274.29,-5.23,1
2020-11-23,276.09,-2.32,1
2020-11-24,279.57,1.13,1
2020-11-25,276.38,-2.31,1
2020-11-28,261.76,-15.47,1
2020-11-29,273.02,-5.99,1
2020-11-30,275.84,-0.05,1
2020-12-01,276.88,-0.95,1
2020-12-02,272.95,-3.2,1
2020-12-03,275.28,-0.94,1
2020-12-04,273.96,-2.92,1
2020-12-05,275.48,-0.72,1
2020-12-06,275.92,-0.77,1
2020-12-07,276.37,1.04,1
2020-12-08,276.75,-0.87,1
2020-12-09,276.94,-0.41,1
2020-12-10,278.7,2.6,1
2020-12-11,277.67,0.92,1
2020-12-12,269.08,-6.61,1
2020-12-13,273.36,-1.46,1
2020-12-14,276.52,1.86,1
2020-12-15,274.52,-0.38,1
2020-12-16,273.17,-0.38,1
2020-12-17,274.63,1.39,1
2020-12-18,271.33,-2.27,1
2020-12-19,276.43,1.84,1
2020-12-20,276.05,1.82,1
2020-12-21,282.36,7.74,1
2020-12-22,277.83,4.45,1
2020-12-23,278.49,3.91,1
2020-12-25,270.19,-1.1,1
2020-12-26,277.9,4.75,1
2020-12-27,273.66,3.03,1
2020-12-28,275.27,3.85,1
2020-12-29,273.95,1.51,1
2020-12-30,276.23,3.9,1
2020-12-31,275.75,5.22,1
2021-01-01,277.13,6.07,1
2021-01-02,279.5,9.17,1
2021-01-03,274.54,6.15,1
2021-01-06,274.24,2.73,1
2021-01-07,278.15,5.5,1
2021-01-08,273.29,2.22,1
2021-01-09,279.44,8.06,1
2021-01-10,276.6,6.71,1
2021-01-11,282.99,9.78,1
2021-01-12,280.7,7.65,1
2021-01-13,284.89,11.9,1
2021-01-14,281.8,9.03,1
2021-01-15,284.17,12.85,1
2021-01-16,279.74,6.81,1
2021-01-17,278.09,7.22,1
2021-01-18,278.96,6.23,1
2021-01-19,272.35,1.32,1
2021-01-20,276.33,4.11,1
2021-01-21,272.1,0.0,1
2021-01-22,280.52,8.02,1
2021-01-23,280.59,6.95,1
2021-01-24,275.43,5.26,1
2021-01-25,278.05,5.97,1
2021-01-26,273.46,2.38,1
2021-01-27,278.35,8.59,1
2021-01-28,274.94,2.5,1
2021-01-29,272.02,0.52,1
2021-01-30,271.51,0.01,1
2021-01-31,278.41,6.24,1
2021-02-01,278.67,6.5,1
2021-02-02,278.81,7.15,1
2021-02-03,276.51,2.34,1
2021-02-04,271.21,-3.35,1
2021-02-05,277.31,4.09,1
2021-02-08,273.3,1.87,1
2021-02-09,278.76,7.65,1
2021-02-10,265.04,-7.13,1
2021-02-11,273.47,-0.78,1
2021-02-12,282.62,8.3,1
2021-02-13,278.19,3.35,1
2021-02-14,271.23,-2.67,1
2021-02-15,278.45,3.55,1
2021-02-16,279.16,5.35,1
2021-02-17,276.68,1.24,1
2021-02-18,270.13,-5.92,1
2021-02-19,273.22,-3.0,1
2021-02-20,273.29,-1.28,1
2021-02-21,283.16,8.25,1
2021-02-22,281.27,6.04,1
2021-02-23,284.58,9.47,1
2021-02-24,283.45,7.07,1
2021-02-25,284.88,10.51,1
2021-02-26,288.23,11.88,1
2021-02-27,284.25,9.65,1
2021-02-28,286.6,9.74,1
2021-03-01,279.33,1.57,1
2021-03-02,286.13,8.64,1
2021-03-03,283.98,4.91,1
2021-03-04,286.65,10.54,1
2021-03-05,282.5,6.52,1
2021-03-06,273.34,-1.71,1
2021-03-07,284.41,5.87,1
2021-03-08,280.4,3.22,1
2021-03-09,284.69,7.65,1
2021-03-10,283.46,5.24,1
2021-03-11,286.29,8.51,1
2021-03-12,285.91,8.7,1
2021-03-14,268.45,-9.55,1
2021-03-15,277.27,-0.18,1
2021-03-16,279.39,1.93,1
2021-03-17,276.58,-1.17,1
2021-03-18,283.54,5.37,1
2021-03-20,272.93,-5.01,1
2021-03-21,279.69,-0.21,1
2021-03-22,285.66,7.26,1
2021-03-23,286.45,7.89,1
2021-03-24,277.51,-3.87,1
2021-03-25,275.99,-3.86,1
2021-03-26,281.34,0.39,1
2021-03-27,289.12,7.64,1
2021-03-28,285.62,3.94,1
2021-03-29,270.55,-11.08,1
2021-03-30,286.9,4.91,1
2021-03-31,281.66,0.6,1
2021-04-01,281.18,0.12,1
2021-04-02,278.13,-2.27,1
2021-04-03,284.87,4.23,1
2021-04-05,281.37,-1.79,1
2021-04-06,286.11,3.98,1
2021-04-07,286.33,3.39,1
2021-04-08,287.88,5.98,1
2021-04-09,276.82,-5.86,1
2021-04-10,275.06,-7.69,1
2021-04-11,281.11,-1.23,1
2021-04-12,276.19,-7.59,1
2021-04-13,285.11,1.31,1
2021-04-14,288.37,4.37,1
2021-04-15,287.73,3.64,1
2021-04-16,277.7,-4.4,1
2021-04-18,278.86,-5.29,1
2021-04-19,287.23,2.55,1
2021-04-20,287.07,2.62,1
2021-04-23,273.68,-9.01,1
2021-04-24,275.56,-8.42,1
2021-04-25,279.61,-5.52,1
2021-04-26,273.27,-12.36,1
2021-04-27,279.98,-4.52,1
2021-04-28,279.17,-4.91,1
2021-04-29,273.33,-12.89,1
2021-05-03,275.38,-8.82,1
2021-05-05,260.82,-21.97,1
2021-05-06,261.84,-21.68,1
2021-05-07,279.88,-4.84,1
2021-05-08,281.31,-3.77,1
2021-05-09,285.29,0.08,1
2021-05-10,279.99,-4.69,1
2021-05-12,278.55,-5.05,1
2021-05-13,276.46,-7.32,1
2021-05-14,286.27,0.76,1
2021-05-15,289.52,5.81,1
2021-05-16,292.45,6.79,1
2021-05-17,293.83,8.11,1
2021-05-19,282.94,-0.43,1
2021-05-22,283.61,-2.25,1
2021-05-23,293.41,5.61,1
2021-05-24,285.02,0.95,1
2021-05-31,270.14,-16.12,1
2021-06-01,267.63,-18.63,1
2021-06-02,276.99,-9.57,1
2021-06-03,284.23,-1.93,1
2021-06-04,290.36,0.87,1
2021-06-05,285.38,-3.06,1
2021-06-06,289.57,3.23,1
2021-06-07,289.99,1.95,1
2021-06-08,283.46,-6.29,1
2021-06-09,287.73,-2.03,1
2021-06-11,295.08,8.76,1
2021-06-14,276.34,-9.03,1
2021-06-15,272.45,-12.59,1
2021-06-17,268.11,-16.47,1
2021-06-18,275.05,-9.02,1
2021-06-19,268.16,-16.07,1
2021-06-20,261.78,-20.64,1
2021-06-21,276.36,-6.95,1
2021-06-22,288.24,4.95,1
2021-06-23,275.66,-10.06,1
2021-06-24,284.92,-1.12,1
2021-06-25,283.54,-2.48,1
2021-06-26,271.36,-11.89,1
2021-06-27,284.66,1.18,1
2021-07-01,269.97,-13.79,1
2021-07-04,274.0,-10.16,1
2021-07-05,277.69,-4.01,1
2021-07-08,268.68,-14.48,1
2021-07-09,275.9,-7.27,1
2021-07-10,264.12,-19.27,1
2021-07-12,272.31,-7.51,1
2021-07-15,272.22,-11.58,1
2021-07-16,269.72,-14.77,1
2021-07-18,268.42,-12.57,1
2021-07-20,275.06,-11.04,1
2021-07-23,279.37,-3.97,1
2021-07-24,285.79,5.84,1
2021-07-25,290.18,7.26,1
2021-07-30,271.06,-10.27,1
2021-07-31,277.76,-4.35,1
2021-08-01,280.67,-1.44,1
2021-08-02,280.72,-2.0,1
2021-08-03,265.39,-15.05,1
2021-08-04,262.16,-21.7,1
2021-08-05,265.81,-16.88,1
2021-08-06,260.48,-21.62,1
2021-08-07,272.77,-12.16,1
2021-08-08,267.94,-16.09,1
2021-08-09,273.25,-9.56,1
2021-08-10,283.58,0.62,1
2021-08-11,284.79,1.94,1
2021-08-12,281.64,-3.24,1
2021-08-13,266.44,-16.94,1
2021-08-14,286.83,6.84,1
2021-08-15,275.23,-7.26,1
2021-08-16,279.8,-3.13,1
2021-08-17,280.9,-2.58,1
2021-08-18,276.17,-7.68,1
2021-08-21,267.2,-19.07,1
2021-08-23,268.47,-15.37,1
2021-08-24,276.32,-4.9,1
2021-08-25,262.86,-19.73,1
2021-08-27,270.63,-12.4,1
2021-08-28,271.99,-10.5,1
2021-08-29,267.75,-14.36,1
2021-08-30,280.58,-4.21,1
2021-08-31,266.25,-18.11,1
2021-09-01,286.47,2.11,1
2021-09-03,277.93,-2.96,1
2021-09-04,284.28,1.17,1
2021-09-05,289.08,6.69,1
2021-09-06,278.84,-4.99,1
2021-09-09,264.24,-20.59,1
2021-09-10,267.22,-14.76,1
2021-09-11,277.98,-6.97,1
2021-09-12,267.49,-15.03,1
2021-09-13,276.84,-5.5,1
2021-09-15,263.67,-18.22,1
2021-09-18,284.02,0.39,1
2021-09-19,288.17,2.26,1
2021-09-20,289.72,4.58,1
2021-09-21,287.45,3.07,1
2021-09-22,285.8,3.49,1
2021-09-24,289.56,2.59,1
2021-09-25,280.28,-6.08,1
2021-09-26,286.06,1.82,1
2021-09-28,276.7,-7.92,1
2021-09-29,272.52,-12.67,1
2021-09-30,271.4,-13.69,1
2021-10-01,281.92,-1.96,1
2021-10-03,272.53,-10.62,1
2021-10-04,282.09,-1.45,1
2021-10-05,281.66,-2.68,1
2021-10-06,287.55,2.48,1
2021-10-07,290.79,5.49,1
2021-10-08,289.29,5.84,1
2021-10-09,282.78,-1.34,1
2021-10-10,288.33,4.21,1
2021-10-11,285.59,-0.05,1
2021-10-12,289.69,4.53,1
2021-10-13,284.1,-0.21,1
2021-10-14,287.93,1.95,1
2021-10-15,288.54,1.96,1
2021-10-16,283.6,-2.04,1
2021-10-17,281.42,-3.67,1
2021-10-21,271.53,-11.83,1
2021-10-22,270.7,-12.51,1
2021-10-23,273.05,-9.44,1
2021-10-24,271.8,-11.13,1
2021-10-25,269.0,-12.94,1
2021-10-26,271.9,-10.74,1
2021-10-27,269.82,-12.56,1
2021-10-28,273.52,-8.47,1
2021-10-29,272.66,-8.86,1
2021-10-30,273.73,-7.46,1
2021-10-31,273.56,-8.25,1
2021-11-01,273.32,-8.49,1
2021-11-02,273.85,-7.98,1
2021-11-03,269.59,-11.64,1
2021-11-04,273.22,-6.37,1
2021-11-05,270.98,-8.5,1
2021-11-06,275.23,-5.08,1
2021-11-07,275.4,-4.82,1
2021-11-08,276.45,-3.56,1
2021-11-09,276.38,-4.13,1
2021-11-10,274.22,-6.59,1
2021-11-11,279.17,-1.2,1
2021-11-12,275.39,-5.68,1
2021-11-13,278.52,-2.95,1
2021-11-14,275.07,-5.74,1
2021-11-15,274.64,-4.92,1
2021-11-16,276.15,-3.64,1
2021-11-17,279.23,0.05,1
2021-11-18,280.57,1.39,1
2021-11-19,274.03,-4.86,1
2021-11-20,279.37,-0.39,1
2021-11-21,276.71,-2.04,1
2021-11-22,279.65,0.13,1
2021-11-23,275.58,-2.83,1
2021-11-24,276.57,-1.87,1
2021-11-25,276.99,-1.7,1
2021-11-26,272.72,-5.48,1
2021-11-27,276.05,-3.13,1
2021-11-28,274.93,-2.3,1
2021-11-29,279.24,0.23,1
2021-11-30,271.24,-4.65,1
2021-12-01,280.59,2.76,1
2021-12-02,278.71,2.56,1
2021-12-03,280.49,4.27,1
2021-12-04,279.7,2.82,1
2021-12-05,275.57,-0.63,1
2021-12-06,276.08,-0.61,1
2021-12-07,274.94,-0.39,1
2021-12-08,277.56,-0.06,1
2021-12-09,274.31,-3.04,1
2021-12-10,275.05,-1.05,1
2021-12-11,274.7,-2.05,1
2021-12-13,276.65,1.83,1
2021-12-14,269.28,-5.38,1
2021-12-15,268.51,-6.39,1
2021-12-16,273.11,-0.44,1
2021-12-17,273.16,-0.08,1
2021-12-18,271.15,-2.45,1
2021-12-19,270.32,-4.27,1
2021-12-20,273.28,-0.95,1
2021-12-21,266.54,-8.08,1
2021-12-22,261.4,-11.98,1
2021-12-23,267.67,-6.91,1
2021-12-24,271.86,-0.56,1
2021-12-25,268.31,-2.98,1
2021-12-26,269.3,-3.85,1
2021-12-27,269.45,-1.18,1
2021-12-31,259.06,-11.47,1
2022-01-02,261.66,-8.67,1
2022-01-04,265.55,-6.0,1
2022-01-05,261.38,-5.56,1
2022-01-06,263.56,-7.95,1
2022-01-07,257.59,-15.06,1
2022-01-08,268.63,-2.44,1
2022-01-09,269.95,-1.43,1
2022-01-10,261.84,-8.05,1
2022-01-12,265.74,-7.31,1
2022-01-15,268.21,-3.11,1
2022-01-16,267.29,-5.64,1
2022-01-17,268.37,-2.5,1
2022-01-18,270.99,-1.74,1
2022-01-19,267.31,-3.72,1
2022-01-20,263.93,-8.29,1
2022-01-21,267.13,-4.97,1
2022-01-22,266.9,-5.6,1
2022-01-23,270.04,-3.6,1
2022-01-24,268.56,-1.61,1
2022-01-25,266.49,-5.59,1
2022-01-26,269.34,-1.74,1
2022-01-27,265.51,-4.25,1
2022-01-28,268.72,-3.72,1
2022-01-29,272.56,1.06,1
2022-01-30,271.12,-0.38,1
2022-01-31,270.84,-1.33,1
2022-02-01,265.42,-6.75,1
2022-02-02,270.7,-0.96,1
2022-02-03,271.7,-2.47,1
2022-02-06,263.52,-9.52,1
2022-02-07,268.67,-3.05,1
2022-02-08,270.69,-0.74,1
2022-02-09,268.55,-2.56,1
2022-02-10,268.08,-4.09,1
2022-02-11,272.05,-2.2,1
2022-02-12,264.87,-9.45,1
2022-02-13,272.55,-2.29,1
2022-02-14,271.1,-2.8,1
2022-02-15,271.98,-2.92,1
2022-02-16,270.69,-3.12,1
2022-02-17,271.21,-4.23,1
2022-02-18,273.75,-2.3,1
2022-02-19,273.24,-2.98,1
2022-02-22,270.18,-5.05,1
2022-02-23,272.75,-2.36,1
2022-02-24,273.98,-2.4,1
2022-02-25,259.3,-15.07,1
2022-02-26,274.46,-1.89,1
2022-02-27,268.04,-6.56,1
2022-02-28,276.41,-0.45,1
2022-03-01,275.14,-2.62,1
2022-03-02,272.23,-5.26,1
2022-03-03,277.18,-1.89,1
2022-03-04,276.49,0.38,1
2022-03-05,278.48,2.5,1
2022-03-06,280.2,5.15,1
2022-03-07,282.4,3.86,1
2022-03-08,279.23,2.05,1
2022-03-09,270.22,-6.82,1
2022-03-10,280.3,2.08,1
2022-03-11,276.19,-1.59,1
2022-03-12,282.28,5.07,1
2022-03-13,268.7,-9.26,1
2022-03-14,285.04,7.04,1
2022-03-15,275.45,-2.0,1
2022-03-16,285.46,8.0,1
2022-03-17,279.08,1.33,1
2022-03-18,282.74,4.57,1
2022-03-19,288.04,8.91,1
2022-03-20,284.67,6.73,1
2022-03-21,280.21,0.31,1
2022-03-22,284.99,6.59,1
2022-03-23,283.36,4.8,1
2022-03-24,282.86,1.48,1
2022-03-25,274.07,-5.78,1
2022-03-26,286.42,5.47,1
2022-03-27,284.18,2.7,1
2022-03-28,289.59,7.91,1
2022-03-29,286.9,5.27,1
2022-03-30,292.66,10.67,1
2022-03-31,287.79,6.73,1
2022-04-01,291.52,10.46,1
2022-04-02,290.22,9.82,1
2022-04-03,281.84,1.2,1
2022-04-04,291.6,11.2,1
2022-04-05,288.37,5.21,1
2022-04-06,292.99,10.86,1
2022-04-07,288.7,5.76,1
2022-04-08,279.61,-2.29,1
2022-04-09,276.98,-5.7,1
2022-04-10,279.32,-3.43,1
2022-04-11,282.87,0.53,1
2022-04-12,287.23,3.45,1
2022-04-14,285.77,1.77,1
2022-04-15,277.51,-6.58,1
2022-04-16,282.72,0.62,1
2022-04-17,286.11,1.2,1
2022-04-18,277.67,-6.48,1
2022-04-21,287.18,2.3,1
2022-04-22,291.19,7.51,1
2022-04-23,288.75,6.06,1
2022-04-24,291.56,7.58,1
2022-04-25,290.87,5.74,1
2022-04-26,291.67,6.04,1
2022-04-28,280.44,-3.64,1
2022-04-29,288.71,2.49,1
2022-05-01,272.12,-12.27,1
2022-05-03,281.33,-2.87,1
2022-05-04,281.57,-2.1,1
2022-05-06,289.11,5.59,1
2022-05-07,271.56,-13.16,1
2022-05-08,275.9,-9.18,1
2022-05-10,284.43,-0.25,1
2022-05-11,292.08,7.16,1
2022-05-12,279.27,-4.33,1
2022-05-13,290.63,6.85,1
2022-05-15,289.01,5.3,1
2022-05-17,281.61,-4.11,1
2022-05-18,292.64,4.94,1
2022-05-19,282.6,-0.77,1
2022-05-20,289.41,5.44,1
2022-05-22,279.16,-6.7,1
2022-05-24,271.11,-12.96,1
2022-05-28,259.14,-25.54,1
2022-05-29,283.92,-1.36,1
2022-05-30,280.74,-5.66,1
2022-05-31,285.78,-0.48,1
2022-06-01,284.12,-2.14,1
2022-06-02,290.23,3.67,1
2022-06-03,289.03,2.87,1
2022-06-07,289.25,1.21,1
2022-06-10,281.34,-7.26,1
2022-06-11,284.71,-1.61,1
2022-06-13,279.71,-6.82,1
2022-06-14,291.69,6.32,1
2022-06-17,272.02,-12.56,1
2022-06-19,285.48,1.25,1
2022-06-20,283.84,1.42,1
2022-06-23,293.01,7.29,1
2022-06-24,279.57,-6.47,1
2022-06-27,272.43,-11.05,1
2022-07-01,261.32,-22.44,1
2022-07-02,268.65,-17.96,1
2022-07-04,290.14,5.98,1
2022-07-05,281.14,-0.56,1
2022-07-06,287.25,6.34,1
2022-07-07,290.28,6.06,1
2022-07-09,290.36,7.19,1
2022-07-10,290.09,6.7,1
2022-07-11,286.14,3.07,1
2022-07-12,268.7,-11.12,1
2022-07-14,279.93,-2.01,1
2022-07-15,279.43,-4.37,1
2022-07-16,295.33,10.84,1
2022-07-17,284.76,1.43,1
2022-07-18,284.08,3.09,1
2022-07-25,277.13,-5.79,1
2022-07-27,263.49,-15.4,1
2022-07-28,267.35,-14.19,1
2022-07-29,273.02,-5.72,1
2022-07-30,278.39,-2.94,1
2022-07-31,270.39,-11.72,1
2022-08-01,266.04,-16.07,1
2022-08-04,272.79,-11.07,1
2022-08-05,278.41,-4.28,1
2022-08-06,268.21,-13.89,1
2022-08-07,275.72,-9.21,1
2022-08-08,262.46,-21.57,1
2022-08-10,273.82,-9.14,1
2022-08-11,280.62,-2.23,1
2022-08-12,289.57,4.69,1
2022-08-13,277.58,-5.8,1
2022-08-15,268.14,-14.35,1
2022-08-16,286.6,3.67,1
2022-08-17,286.16,2.68,1
2022-08-18,275.62,-8.23,1
2022-08-19,279.65,-2.9,1
2022-08-20,274.58,-10.18,1
2022-08-21,278.92,-7.35,1
2022-08-22,281.04,-3.18,1
2022-08-24,275.18,-6.04,1
2022-08-26,274.51,-8.58,1
2022-08-29,277.99,-4.12,1
2022-08-30,281.33,-3.46,1
2022-08-31,272.89,-11.47,1
2022-09-02,280.22,-1.71,1
2022-09-03,274.67,-6.22,1
2022-09-04,264.88,-18.23,1
2022-09-05,270.38,-12.01,1
2022-09-06,271.47,-12.36,1
2022-09-07,274.47,-9.09,1
2022-09-08,268.75,-14.84,1
2022-09-09,271.93,-12.9,1
2022-09-11,271.2,-13.75,1
2022-09-12,261.27,-21.25,1
2022-09-13,270.09,-12.25,1
2022-09-14,265.71,-17.49,1
2022-09-15,273.63,-8.26,1
2022-09-16,276.44,-7.13,1
2022-09-18,269.16,-14.47,1
2022-09-19,269.94,-15.97,1
2022-09-20,275.74,-9.4,1
2022-09-21,278.27,-6.11,1
2022-09-22,289.35,7.04,1
2022-09-23,280.49,-3.38,1
2022-09-24,289.14,2.17,1
2022-09-25,275.65,-10.71,1
2022-09-27,289.09,3.01,1
2022-09-28,284.86,0.24,1
2022-09-29,286.36,1.17,1
2022-09-30,281.22,-3.87,1
2022-10-01,285.03,1.15,1
2022-10-02,276.5,-7.82,1
2022-10-03,286.64,3.49,1
2022-10-07,280.55,-4.75,1
2022-10-08,285.9,2.45,1
2022-10-09,283.34,-0.78,1
2022-10-10,281.07,-3.05,1
2022-10-24,282.12,-0.81,1
2022-10-25,285.31,3.37,1
2022-10-26,277.8,-4.84,1
2022-10-27,285.05,2.67,1
2022-10-28,281.26,-0.73,1
2022-10-29,283.92,2.4,1
2022-10-30,282.33,1.14,1
2022-10-31,283.26,1.45,1
2022-11-01,283.47,1.66,1
2022-11-02,277.72,-4.11,1
2022-11-03,282.67,1.44,1
2022-11-04,281.06,1.47,1
2022-11-05,282.52,3.04,1
2022-11-06,280.87,0.56,1
2022-11-07,285.0,4.78,1
2022-11-08,280.41,0.4,1
2022-11-09,277.6,-2.91,1
2022-11-10,279.04,-1.77,1
2022-11-11,276.45,-3.92,1
2022-11-12,279.23,-1.84,1
2022-11-13,280.83,-0.64,1
2022-11-14,276.03,-4.78,1
2022-11-15,279.33,-0.23,1
2022-11-16,278.24,-1.55,1
2022-11-17,280.28,1.1,1
2022-11-18,278.29,-0.89,1
2022-11-20,280.36,0.6,1
2022-11-21,277.47,-1.28,1
2022-11-22,280.68,1.16,1
2022-11-23,280.03,1.62,1
2022-11-24,278.68,0.24,1
2022-11-25,280.9,2.21,1
2022-11-26,276.88,-1.32,1
2022-11-27,283.18,4.0,1
2022-11-28,278.27,1.04,1
2022-11-29,281.31,2.3,1
2022-11-30,278.8,2.91,1
2022-12-01,278.82,0.99,1
2022-12-02,280.92,4.77,1
2022-12-03,276.04,-0.18,1
2022-12-04,279.34,2.46,1
2022-12-05,276.51,0.31,1
2022-12-06,278.14,1.45,1
2022-12-07,277.76,2.43,1
2022-12-09,278.74,1.39,1
2022-12-10,275.88,-0.22,1
2022-12-11,279.4,2.65,1
2022-12-12,278.67,2.98,1
2022-12-13,280.03,5.21,1
2022-12-14,278.87,4.21,1
2022-12-15,275.07,0.17,1
2022-12-16,278.8,5.25,1
2022-12-17,277.24,4.0,1
2022-12-18,277.12,3.52,1
2022-12-19,276.67,2.08,1
2022-12-20,279.05,4.82,1
2022-12-21,278.72,4.1,1
2022-12-22,274.25,0.87,1
2022-12-23,276.2,1.62,1
2022-12-24,271.41,-1.01,1
2022-12-25,274.59,3.3,1
2022-12-26,263.24,-9.91,1
2022-12-27,266.55,-4.08,1
2022-12-28,274.49,3.07,1
2022-12-29,275.02,2.58,1
2022-12-30,278.12,5.79,1
2022-12-31,273.49,2.96,1
2023-01-01,276.28,5.22,1
2023-01-02,274.6,4.27,1
2023-01-03,270.48,2.09,1
2023-01-04,270.82,-0.73,1
2023-01-05,271.07,4.13,1
2023-01-06,272.3,0.79,1
2023-01-07,272.76,0.11,1
2023-01-09,275.78,4.4,1
2023-01-10,272.09,2.2,1
2023-01-11,273.95,0.74,1
2023-01-12,271.9,-1.15,1
2023-01-13,273.46,0.47,1
2023-01-14,275.49,2.72,1
2023-01-15,272.68,1.36,1
2023-01-16,273.91,0.98,1
2023-01-17,270.03,-0.84,1
2023-01-18,273.07,0.34,1
2023-01-19,275.31,4.28,1
2023-01-20,276.11,3.89,1
2023-01-21,275.62,3.52,1
2023-01-22,272.6,0.1,1
2023-01-23,273.23,-0.41,1
2023-01-24,275.03,4.86,1
2023-01-25,270.0,-2.08,1
2023-01-26,274.15,3.07,1
2023-01-27,275.39,5.63,1
2023-01-28,281.71,9.27,1
2023-01-29,276.94,5.44,1
2023-01-30,278.75,7.25,1
2023-01-31,271.0,-1.17,1
2023-02-01,275.05,2.88,1
2023-02-02,276.24,4.58,1
2023-02-03,274.85,0.68,1
2023-02-04,278.98,4.42,1
2023-02-05,276.13,2.91,1
2023-02-06,278.38,5.34,1
2023-02-07,275.89,4.17,1
2023-02-09,280.04,8.93,1
2023-02-10,278.26,6.09,1
2023-02-11,283.4,9.15,1
2023-02-12,276.69,2.37,1
2023-02-13,274.46,-0.38,1
2023-02-14,279.76,5.86,1
2023-02-16,274.44,0.63,1
2023-02-17,279.31,3.87,1
2023-02-18,283.12,7.07,1
2023-02-19,281.64,5.42,1
2023-02-21,284.4,9.49,1
2023-02-22,275.54,0.31,1
2023-02-23,280.74,5.63,1
2023-02-24,278.56,2.18,1
2023-02-25,279.85,5.48,1
2023-02-26,272.48,-3.87,1
2023-02-27,274.45,-0.15,1
2023-02-28,279.04,2.18,1
2023-03-01,277.85,0.09,1
2023-03-02,281.4,3.91,1
2023-03-03,280.7,1.63,1
2023-03-04,283.62,7.51,1
2023-03-05,283.08,7.1,1
2023-03-06,276.99,1.94,1
2023-03-07,282.64,4.1,1
2023-03-08,282.0,4.82,1
2023-03-09,270.58,-6.46,1
2023-03-10,278.68,0.46,1
2023-03-11,275.89,-1.89,1
2023-03-12,273.28,-3.93,1
2023-03-13,278.77,0.81,1
2023-03-14,281.99,3.99,1
2023-03-16,272.78,-4.68,1
2023-03-17,274.8,-2.95,1
2023-03-18,270.65,-7.52,1
2023-03-22,268.52,-9.88,1
2023-03-23,271.77,-6.79,1
2023-03-24,273.05,-8.33,1
2023-03-25,273.98,-5.87,1
2023-03-26,275.09,-5.86,1
2023-03-27,274.66,-6.82,1
2023-03-28,271.57,-10.11,1
2023-03-29,275.84,-5.79,1
2023-03-30,271.47,-10.52,1
2023-03-31,273.49,-7.57,1
2023-04-02,270.73,-9.67,1
2023-04-03,272.98,-7.66,1
2023-04-05,277.11,-6.05,1
2023-04-06,276.37,-5.76,1
2023-04-07,280.99,-1.95,1
2023-04-08,274.73,-7.17,1
2023-04-09,257.95,-24.73,1
2023-04-10,272.89,-9.86,1
2023-04-11,276.38,-5.96,1
2023-04-12,283.45,-0.33,1
2023-04-13,281.46,-2.34,1
2023-04-14,285.58,1.58,1
2023-04-17,276.27,-8.64,1
2023-04-18,282.95,-1.2,1
2023-04-19,286.79,2.11,1
2023-04-20,284.2,-0.25,1
2023-04-21,276.28,-8.6,1
2023-04-22,270.24,-13.44,1
2023-04-26,272.22,-13.41,1
2023-04-27,277.17,-7.33,1
2023-04-29,269.08,-17.14,1
2023-05-03,263.73,-20.47,1
2023-05-05,274.33,-8.46,1
2023-05-06,284.48,0.96,1
2023-05-07,282.28,-2.44,1
2023-05-08,286.24,1.16,1
2023-05-09,284.47,-0.74,1
2023-05-11,285.21,0.29,1
2023-05-12,281.19,-2.41,1
2023-05-13,288.25,4.47,1
2023-05-14,269.08,-16.43,1
2023-05-15,278.58,-5.13,1
2023-05-16,287.69,2.03,1
2023-05-17,281.48,-4.24,1
2023-05-18,281.92,-5.78,1
2023-05-19,279.49,-3.88,1
2023-05-20,290.92,6.95,1
2023-05-23,277.07,-10.73,1
2023-05-24,274.96,-9.11,1
2023-05-25,286.95,0.81,1
2023-05-26,287.9,4.07,1
2023-05-28,290.43,5.75,1
2023-05-29,290.14,4.86,1
2023-05-30,294.97,8.57,1
2023-05-31,274.58,-11.68,1
2023-06-01,287.77,1.51,1
2023-06-02,292.04,5.48,1
2023-06-04,293.63,4.14,1
2023-06-05,287.99,-0.45,1
2023-06-06,283.01,-3.33,1
2023-06-07,289.59,1.55,1
2023-06-08,292.74,2.99,1
2023-06-09,295.21,5.45,1
2023-06-10,286.02,-2.58,1
2023-06-11,291.67,5.35,1
2023-06-13,276.66,-9.87,1
2023-06-14,284.24,-1.13,1
2023-06-16,290.91,5.62,1
2023-06-17,269.71,-14.87,1
2023-06-18,289.4,5.33,1
2023-06-19,280.64,-3.59,1
2023-06-20,282.61,0.19,1
2023-06-21,282.88,-0.43,1
2023-06-22,277.75,-5.54,1
2023-06-23,283.04,-2.68,1
2023-06-24,281.72,-4.32,1
2023-06-25,292.62,6.6,1
2023-06-26,288.99,5.74,1
2023-06-28,283.07,-0.7,1
2023-06-30,280.92,-5.74,1
2023-07-01,268.0,-15.76,1
2023-07-02,277.89,-8.72,1
2023-07-03,279.38,-6.0,1
2023-07-04,264.85,-19.31,1
2023-07-06,282.63,1.72,1
2023-07-07,284.88,0.66,1
2023-07-08,277.79,-5.37,1
2023-07-11,272.94,-10.13,1
2023-07-14,270.03,-11.91,1
2023-07-15,268.93,-14.87,1
2023-07-17,278.2,-5.13,1
2023-07-18,266.16,-14.83,1
2023-07-20,261.42,-24.68,1
2023-07-22,267.07,-15.4,1
2023-07-23,269.86,-13.48,1
2023-07-24,263.6,-16.35,1
2023-07-26,276.74,-5.25,1
2023-07-29,278.96,0.22,1
2023-07-30,270.37,-10.96,1
2023-07-31,283.51,1.4,1
2023-08-01,262.2,-19.91,1
2023-08-03,269.64,-10.8,1
2023-08-04,271.48,-12.38,1
2023-08-07,268.04,-16.89,1
2023-08-08,280.95,-3.08,1
2023-08-09,267.82,-14.99,1
2023-08-10,281.48,-1.48,1
2023-08-11,263.87,-18.98,1
2023-08-15,288.56,6.07,1
2023-08-17,278.87,-4.61,1
2023-08-19,280.62,-1.93,1
2023-08-25,268.26,-14.33,1
2023-08-27,261.41,-21.62,1
2023-08-28,268.22,-14.27,1
2023-08-29,288.1,5.99,1
2023-08-30,289.59,4.8,1
2023-08-31,289.71,5.35,1
2023-09-01,287.84,3.48,1
2023-09-02,288.13,6.2,1
2023-09-03,291.58,10.69,1
2023-09-04,286.53,3.42,1
2023-09-05,282.3,-0.09,1
2023-09-06,288.54,4.71,1
2023-09-10,281.76,-0.22,1
2023-09-11,282.91,-2.04,1
2023-09-13,287.1,4.76,1
2023-09-14,288.43,5.23,1
2023-09-15,292.64,10.75,1
2023-09-16,287.88,4.31,1
2023-09-17,290.57,6.62,1
2023-09-18,282.35,-1.28,1
2023-09-20,284.33,-0.81,1
2023-09-22,271.18,-11.13,1
2023-09-24,267.94,-19.03,1
2023-09-25,284.07,-2.29,1
2023-09-26,281.61,-2.63,1
2023-09-27,289.6,3.52,1
2023-09-28,283.16,-1.46,1
2023-09-29,282.94,-2.25,1
2023-09-30,283.22,-1.87,1
2023-10-02,271.69,-12.63,1
2023-10-05,273.43,-10.91,1
2023-10-06,284.81,-0.26,1
2023-10-07,284.2,-1.1,1
2023-10-08,282.64,-0.81,1
2023-10-09,287.75,3.63,1
2023-10-10,283.87,-0.25,1
2023-10-11,284.33,-1.31,1
2023-10-12,282.62,-2.54,1
2023-10-13,280.43,-3.88,1
2023-10-14,285.02,-0.96,1
2023-10-15,282.96,-3.62,1
2023-10-16,278.15,-7.49,1
2023-10-17,276.31,-8.78,1
2023-10-18,277.74,-7.0,1
2023-10-19,281.66,-2.58,1
2023-10-20,277.09,-6.74,1
2023-10-21,282.79,-0.57,1
2023-10-22,280.22,-2.99,1
2023-10-23,281.27,-1.22,1
2023-10-24,280.67,-2.26,1
2023-10-25,276.41,-5.53,1
2023-10-26,282.79,0.15,1
2023-10-27,279.32,-3.06,1
2023-10-28,284.32,2.33,1
2023-10-29,281.26,-0.26,1
2023-10-31,283.09,1.28,1
2023-11-02,281.44,-0.39,1
2023-11-03,279.14,-2.09,1
2023-11-04,279.89,0.3,1
2023-11-05,280.87,1.39,1
2023-11-06,276.93,-3.38,1
2023-11-07,280.95,0.73,1
2023-11-08,279.29,-0.72,1
2023-11-09,280.85,0.34,1
2023-11-10,280.09,-0.72,1
2023-11-12,279.29,-1.78,1
2023-11-13,277.81,-3.66,1
2023-11-14,280.37,-0.44,1
2023-11-15,277.12,-2.44,1
2023-11-16,281.51,1.72,1
2023-11-17,280.9,1.72,1
2023-11-18,277.3,-1.88,1
2023-11-19,282.96,4.07,1
2023-11-20,278.82,-0.94,1
2023-11-21,279.22,0.47,1
2023-11-22,278.37,-1.15,1
2023-11-23,277.41,-1.0,1
2023-11-24,275.04,-3.4,1
2023-11-25,274.85,-3.84,1
2023-11-26,279.94,1.74,1
2023-11-27,273.69,-5.49,1
2023-11-29,273.1,-5.91,1
2023-12-01,266.54,-11.29,1
2023-12-02,272.77,-3.38,1
2023-12-03,277.16,0.94,1
2023-12-04,275.16,-1.72,1
2023-12-05,270.41,-5.79,1
2023-12-06,276.18,-0.51,1
2023-12-08,260.31,-17.31,1
2023-12-09,264.3,-13.05,1
2023-12-10,269.45,-6.65,1
2023-12-11,268.12,-8.63,1
2023-12-13,267.01,-7.81,1
2023-12-14,269.62,-5.04,1
2023-12-15,273.13,-1.77,1
2023-12-16,275.09,1.54,1
2023-12-17,269.23,-4.01,1
2023-12-18,272.25,-1.35,1
2023-12-20,271.55,-2.68,1
2023-12-21,274.98,0.36,1
2023-12-24,270.44,-1.98,1
2023-12-25,274.62,3.33,1
2023-12-26,272.18,-0.97,1
2023-12-27,274.08,3.45,1
2023-12-28,273.47,2.05,1
2023-12-29,269.24,-3.2,1
2023-12-30,272.71,0.38,1
2023-12-31,270.57,0.04,1
2024-01-01,271.6,0.54,1
2024-01-02,270.26,-0.07,1
2024-01-03,265.38,-3.01,1
2024-01-04,271.08,-0.47,1
2024-01-05,268.99,2.05,1
2024-01-06,271.03,-0.48,1
2024-01-07,271.89,-0.76,1
2024-01-08,272.91,1.84,1
2024-01-09,272.92,1.54,1
2024-01-10,271.9,2.01,1
2024-01-11,272.85,-0.36,1
2024-01-12,272.07,-0.98,1
2024-01-13,274.37,1.38,1
2024-01-14,275.57,2.8,1
2024-01-15,268.81,-2.51,1
2024-01-16,271.04,-1.89,1
2024-01-17,267.2,-3.67,1
2024-01-18,269.95,-2.78,1
2024-01-19,270.19,-0.84,1
2024-01-21,271.62,-0.48,1
2024-01-22,269.88,-2.62,1
2024-01-23,271.11,-2.53,1
2024-01-24,268.78,-1.39,1
2024-01-25,268.79,-3.29,1
2024-01-26,270.81,-0.27,1
2024-01-27,265.76,-4.0,1
2024-01-28,271.27,-1.17,1
2024-01-29,271.38,-0.12,1
2024-01-30,272.9,1.4,1
2024-01-31,271.91,-0.26,1
2024-02-01,266.93,-5.24,1
2024-02-02,269.99,-1.67,1
2024-02-03,268.32,-5.85,1
2024-02-04,276.75,2.19,1
2024-02-05,271.15,-2.07,1
2024-02-06,270.08,-2.96,1
2024-02-07,274.9,3.18,1
2024-02-08,272.65,1.22,1
2024-02-09,275.06,3.95,1
2024-02-10,273.12,0.95,1
2024-02-11,274.62,0.37,1
2024-02-12,274.98,0.66,1
2024-02-14,271.17,-2.73,1
2024-02-16,274.95,1.14,1
2024-02-17,274.22,-1.22,1
2024-02-19,268.86,-7.36,1
2024-02-20,274.63,0.06,1
2024-02-23,269.13,-5.98,1
2024-02-24,271.51,-4.87,1
2024-02-25,269.73,-4.64,1
2024-02-26,274.97,-1.38,1
2024-02-27,268.88,-5.72,1
2024-02-28,279.45,2.59,1
2024-02-29,280.13,4.33,1
2024-03-01,277.47,-0.29,1
2024-03-02,283.35,5.86,1
2024-03-05,278.02,2.04,1
2024-03-06,271.02,-4.03,1
2024-03-07,278.85,0.31,1
2024-03-08,276.6,-0.58,1
2024-03-09,283.36,6.32,1
2024-03-10,280.42,2.2,1
2024-03-11,283.56,5.78,1
2024-03-12,280.59,3.38,1
2024-03-13,279.18,1.22,1
2024-03-14,282.3,4.3,1
2024-03-15,280.28,2.83,1
2024-03-16,279.59,2.13,1
2024-03-17,281.74,3.99,1
2024-03-19,280.94,1.81,1
2024-03-22,267.44,-10.96,1
2024-03-23,268.64,-9.92,1
2024-03-24,268.61,-12.77,1
2024-03-26,265.62,-15.33,1
2024-03-27,261.96,-19.52,1
2024-03-28,270.07,-11.61,1
2024-03-29,271.59,-10.04,1
2024-03-31,276.81,-4.25,1
2024-04-01,272.65,-8.41,1
2024-04-02,278.25,-2.15,1
2024-04-03,277.66,-2.98,1
2024-04-05,278.66,-4.5,1
2024-04-06,274.87,-7.26,1
2024-04-07,274.49,-8.45,1
2024-04-08,274.97,-6.93,1
2024-04-09,277.41,-5.27,1
2024-04-10,269.19,-13.56,1
2024-04-11,272.06,-10.28,1
2024-04-12,277.6,-6.18,1
2024-04-13,271.18,-12.62,1
2024-04-14,278.76,-5.24,1
2024-04-16,270.87,-11.23,1
2024-04-17,275.62,-9.29,1
2024-04-18,281.9,-2.25,1
2024-04-19,286.88,2.2,1
2024-04-22,284.36,0.68,1
2024-04-23,282.36,-0.33,1
2024-04-24,285.46,1.48,1
2024-04-25,285.02,-0.11,1
2024-04-26,288.29,2.66,1
2024-04-27,288.02,3.52,1
2024-04-28,283.97,-0.11,1
2024-04-29,290.62,4.4,1
2024-04-30,286.92,1.63,1
2024-05-01,287.24,2.85,1
2024-05-02,281.54,-4.03,1
2024-05-03,281.35,-2.85,1
2024-05-04,291.41,7.74,1
2024-05-06,278.79,-4.73,1
2024-05-10,271.06,-13.62,1
2024-05-11,280.75,-4.17,1
2024-05-13,278.36,-5.42,1
2024-05-14,284.26,-1.25,1
2024-05-15,284.03,0.32,1
2024-05-16,278.8,-6.86,1
2024-05-17,278.67,-7.05,1
2024-05-18,283.72,-3.98,1
2024-05-19,278.44,-4.93,1
2024-05-21,284.37,-0.2,1
2024-05-22,281.24,-4.62,1
2024-05-24,279.97,-4.1,1
2024-05-25,289.71,3.57,1
2024-05-26,292.95,9.12,1
2024-05-27,286.91,0.63,1
2024-05-28,288.69,4.01,1
2024-05-29,287.09,1.81,1
2024-05-30,285.85,-0.55,1
2024-05-31,285.67,-0.59,1
2024-06-01,281.35,-4.91,1
2024-06-02,284.24,-2.32,1
2024-06-03,290.9,4.74,1
2024-06-04,268.78,-20.71,1
2024-06-05,292.02,3.58,1
2024-06-06,271.02,-15.32,1
2024-06-07,293.37,5.33,1
2024-06-08,293.27,3.52,1
2024-06-09,295.84,6.08,1
2024-06-10,285.6,-3.0,1
2024-06-11,286.34,0.02,1
2024-06-12,290.59,3.77,1
2024-06-17,290.77,6.19,1
2024-06-21,291.97,8.66,1
2024-06-22,289.07,5.78,1
2024-06-23,279.19,-6.53,1
2024-06-24,293.61,7.57,1
2024-06-26,280.19,-3.06,1
2024-06-27,275.98,-7.5,1
2024-06-30,271.83,-14.83,1
2024-07-01,269.66,-14.1,1
2024-07-02,268.36,-18.25,1
2024-07-03,269.18,-16.2,1
2024-07-04,267.42,-16.74,1
2024-07-05,265.73,-15.97,1
2024-07-06,270.75,-10.16,1
2024-07-07,271.7,-12.52,1
2024-07-08,283.64,0.48,1
2024-07-09,279.5,-3.67,1
2024-07-10,269.92,-13.47,1
2024-07-11,268.08,-14.99,1
2024-07-12,266.81,-13.01,1
2024-07-13,277.37,-5.89,1
2024-07-14,282.93,0.99,1
2024-07-16,266.76,-17.73,1
2024-07-18,269.38,-11.61,1
2024-07-19,265.94,-14.83,1
2024-07-21,269.32,-10.79,1
2024-07-24,263.83,-16.12,1
2024-07-25,267.41,-15.51,1
2024-07-26,271.2,-10.79,1
2024-07-29,260.15,-18.59,1
2024-07-30,289.72,8.39,1
2024-08-02,275.61,-7.11,1
2024-08-03,270.57,-9.87,1
2024-08-04,273.94,-9.92,1
2024-08-05,277.96,-4.73,1
2024-08-08,264.16,-19.87,1
2024-08-09,260.91,-21.9,1
2024-08-10,266.17,-16.79,1
2024-08-11,281.48,-1.37,1
2024-08-12,278.59,-6.29,1
2024-08-15,282.64,0.15,1
2024-08-18,284.85,1.0,1
2024-08-19,283.34,0.79,1
2024-08-20,279.89,-4.87,1
2024-08-21,283.44,-2.83,1
2024-08-22,274.73,-9.49,1
2024-08-24,283.83,2.61,1
2024-08-25,285.95,3.36,1
2024-08-26,277.31,-5.78,1
2024-08-27,270.18,-12.85,1
2024-08-28,287.1,4.61,1
2024-08-29,280.64,-1.47,1
2024-08-30,277.44,-7.35,1
2024-08-31,285.32,0.96,1
2024-09-01,276.95,-7.41,1
2024-09-03,277.87,-3.02,1
2024-09-04,273.55,-9.56,1
2024-09-05,267.78,-14.61,1
2024-09-06,272.37,-11.46,1
2024-09-07,276.8,-6.76,1
2024-09-08,285.8,2.21,1
2024-09-09,266.36,-18.47,1
2024-09-10,283.72,1.74,1
2024-09-11,275.87,-9.08,1
2024-09-12,281.09,-1.43,1
2024-09-13,281.32,-1.02,1
2024-09-15,265.81,-16.08,1
2024-09-16,265.33,-18.24,1
2024-09-18,286.36,2.73,1
2024-09-19,282.7,-3.21,1
2024-09-20,263.62,-21.52,1
2024-09-22,283.29,0.98,1
2024-09-23,278.94,-4.93,1
2024-09-29,274.37,-10.82,1
2024-09-30,275.33,-9.76,1
2024-10-01,275.21,-8.67,1
2024-10-02,273.39,-10.93,1
2024-10-04,279.81,-3.73,1
2024-10-05,273.15,-11.19,1
2024-10-07,283.42,-1.88,1
2024-10-08,283.19,-0.26,1
2024-10-09,284.88,0.76,1
2024-10-10,284.9,0.78,1
2024-10-11,283.7,-1.94,1
2024-10-12,285.0,-0.16,1
2024-10-13,282.06,-2.25,1
2024-10-14,285.43,-0.55,1
2024-10-15,283.99,-2.59,1
2024-10-16,285.07,-0.57,1
2024-10-17,284.37,-0.72,1
2024-10-18,271.9,-12.84,1
2024-10-19,284.73,0.49,1
2024-10-21,282.53,-0.83,1
2024-10-22,279.2,-4.01,1
2024-10-24,282.14,-0.79,1
2024-10-25,281.02,-0.92,1
2024-10-26,286.17,3.53,1
2024-10-27,283.01,0.63,1
2024-10-29,286.18,4.66,1
2024-10-30,283.04,1.85,1
