date,ndwi_mean,lake_area_km2,green_mean,red_mean,nir_mean,cloud_fraction,n_valid_pixels
2016-01-01,-0.0763,1.4411,2003.5,2149.0,2245.7,0.0,20000
2016-01-01,-0.0814,0.0256,1764.3,1970.9,2009.6,0.0,20000
2016-01-14,-0.0931,0.065,1419.0,1622.4,1642.9,0.0,20000
2016-01-31,-0.0875,0.0669,1615.6,1841.3,1854.7,0.0,20000
2016-02-13,-0.0951,0.0588,1508.6,1724.8,1747.8,0.0,20000
2016-10-27,-0.0983,0.0141,1850.2,2095.3,2152.9,0.0,20000
2016-10-30,-0.1144,0.02,1609.9,1862.2,1924.4,0.0,20000
2016-11-06,-0.064,1.5181,1720.3,1874.7,1932.7,0.0,20000
2016-11-06,-0.1042,0.0272,1669.3,1921.2,1980.7,0.0,20000
2016-11-16,-0.0726,1.5267,1669.0,1821.7,1876.1,0.0,20000
2016-11-16,-0.1057,0.0333,1549.2,1795.0,1859.5,0.0,20000
2016-11-19,-0.0754,1.5434,1574.1,1713.8,1754.1,0.0,20000
2016-11-19,-0.1066,0.0356,1414.3,1647.8,1702.3,0.0,20000
2016-11-29,-0.1095,0.0406,1364.9,1597.4,1647.4,0.0,20000
2016-12-06,-0.0703,1.6115,1665.9,1797.8,1839.0,0.0,20000
2016-12-06,-0.0986,0.0435,1491.4,1722.9,1766.1,0.0,20000
2016-12-09,-0.0772,1.5968,1563.8,1690.8,1723.7,0.0,20000
2016-12-09,-0.1021,0.0426,1362.5,1583.8,1624.3,0.0,20000
2016-12-16,-0.0757,1.6156,1659.4,1796.9,1836.6,0.0,20000
2016-12-16,-0.101,0.0446,1455.2,1689.8,1735.4,0.0,20000
2016-12-29,-0.0806,1.537,1645.0,1779.1,1807.3,0.0466,20000
2016-12-29,-0.1009,0.0425,1378.5,1600.0,1638.0,0.0,20000
2017-01-08,-0.0745,0.0342,1774.7,1973.1,1985.8,0.0,20000
2017-01-15,-0.0722,1.4155,2064.1,2217.4,2254.4,0.0,20000
2017-01-15,-0.0979,0.0523,1539.8,1773.6,1817.0,0.0,20000
2017-01-18,-0.0745,1.4856,1876.8,2011.5,2030.3,0.0,20000
2017-01-18,-0.0956,0.0546,1411.3,1623.6,1653.6,0.0,20000
2017-01-25,-0.0792,1.5698,1905.2,2054.4,2086.8,0.0,20000
2017-01-25,-0.103,0.0528,1526.9,1771.9,1815.5,0.0,20000
2017-02-04,-0.0341,0.3142,3991.3,4136.4,4079.3,0.0,20000
2017-02-04,-0.0402,0.0329,2769.5,2961.2,2913.8,0.0,20000
2017-02-07,-0.0369,1.3297,2733.0,2854.9,2818.8,0.0,20000
2017-02-07,-0.0696,0.0375,1863.5,2071.1,2076.7,0.0,20000
2017-02-17,-0.0751,1.5875,2089.2,2233.7,2231.5,0.0,20000
2017-02-17,-0.0878,0.0512,1557.2,1776.6,1802.8,0.0,20000
2017-02-24,-0.0959,0.0353,1755.3,2002.0,2057.1,0.0,20000
2017-03-16,-0.0789,0.0406,2022.3,2266.4,2301.4,0.0,20000
2017-03-29,-0.0971,0.0236,1721.2,1981.2,2033.5,0.0,20000
2017-04-18,-0.0791,0.0071,2880.0,3150.5,3139.0,0.0,20000
2017-06-04,-0.1059,0.0004,2161.4,2501.5,2615.7,0.0,20000
2017-10-15,-0.1143,0.0003,1480.3,1739.5,1814.3,0.0008,20000
2017-10-17,-0.0743,1.5235,1698.5,1864.0,1967.9,0.0,20000
2017-10-17,-0.121,0.0001,1578.6,1857.8,1972.4,0.0,20000
2017-10-22,-0.1125,0.0,1562.1,1830.7,1927.6,0.0,20000
2017-10-27,-0.1262,0.0001,1505.3,1786.2,1900.4,0.0,20000
2017-10-30,-0.0766,0.0,2351.7,2553.3,2604.7,0.3356,20000
2017-11-06,-0.0595,1.4639,1803.2,1957.9,2047.7,0.0246,20000
2017-11-06,-0.1116,0.0002,1588.7,1844.0,1944.8,0.0,20000
2017-11-09,-0.1231,0.0001,1386.1,1639.1,1734.0,0.0,20000
2017-11-11,-0.0706,1.4813,1646.2,1811.1,1902.2,0.0,20000
2017-11-11,-0.1149,0.0059,1485.0,1743.5,1833.7,0.0,20000
2017-11-19,-0.1112,0.0264,1348.1,1582.2,1653.1,0.0,20000
2017-11-24,-0.1095,0.0286,1342.2,1577.8,1636.9,0.0,20000
2017-11-29,-0.1016,0.0329,1358.0,1578.0,1631.5,0.0,20000
2017-12-01,-0.111,0.032,1432.7,1678.7,1748.9,0.0,20000
2017-12-09,-0.0867,1.558,1461.1,1606.8,1688.4,0.0,20000
2017-12-09,-0.1116,0.0294,1303.5,1529.7,1596.6,0.0,20000
2017-12-14,-0.1123,0.0327,1306.8,1537.3,1594.9,0.0,20000
2017-12-16,-0.0901,0.0269,1660.7,1889.4,1951.4,0.0,20000
2017-12-19,-0.0736,1.6299,1455.1,1583.0,1636.8,0.0,20000
2017-12-21,-0.1043,0.0333,1416.6,1657.8,1708.8,0.0,20000
2017-12-26,-0.0565,0.814,2885.4,3008.9,3076.6,0.2033,20000
2017-12-29,-0.0818,1.6355,1510.4,1644.0,1715.4,0.0,20000
2017-12-29,-0.1087,0.0384,1305.7,1528.7,1588.5,0.0,20000
2018-01-08,-0.0794,1.5134,1740.5,1876.4,1936.7,0.0,20000
2018-01-08,-0.0994,0.037,1400.5,1618.6,1667.5,0.0,20000
2018-01-10,-0.0827,1.5801,1711.4,1857.9,1932.5,0.0,20000
2018-01-10,-0.1042,0.0376,1456.5,1694.6,1753.7,0.0,20000
2018-01-15,-0.1034,0.0368,1481.2,1714.7,1787.2,0.0,20000
2018-01-18,-0.1086,0.0384,1330.8,1554.9,1618.9,0.0,20000
2018-01-23,-0.1103,0.0363,1334.8,1560.3,1620.5,0.0,20000
2018-01-25,-0.0922,1.661,1740.6,1884.8,1975.3,0.0025,20000
2018-01-25,-0.1024,0.041,1518.2,1754.8,1827.8,0.0,20000
2018-01-28,-0.096,0.0431,1394.0,1608.7,1656.6,0.0,20000
2018-01-30,-0.1049,0.037,1508.1,1757.2,1824.4,0.0,20000
2018-02-04,-0.1072,0.0409,1540.8,1792.4,1865.8,0.0,20000
2018-03-01,-0.083,0.0271,1940.1,2183.7,2223.1,0.0,20000
2018-03-19,-0.0844,0.137,2811.6,2996.8,3072.4,0.0,20000
2018-03-19,-0.1009,0.0144,1694.3,1942.5,2015.1,0.0,20000
2018-03-21,-0.1115,0.0273,1819.5,2108.4,2202.7,0.0,20000
2018-03-24,-0.1135,0.0175,1616.4,1883.4,1968.1,0.0,20000
2018-05-20,-0.0652,0.0007,2767.7,3047.5,3065.4,0.3971,20000
2018-10-10,-0.0983,0.0001,1667.3,1920.6,1991.8,0.3054,20000
2018-10-15,-0.1133,0.0016,1538.9,1792.8,1893.9,0.0,20000
2018-10-17,-0.1186,0.0072,1545.9,1832.5,1932.4,0.0,20000
2018-10-25,-0.1164,0.0026,1425.5,1679.7,1772.7,0.0,20000
2018-10-27,-0.0787,1.4833,1625.7,1802.5,1927.8,0.0033,20000
2018-10-27,-0.1163,0.0089,1533.7,1798.5,1906.4,0.0,20000
2018-10-30,-0.1137,0.0123,1396.8,1645.4,1729.8,0.0,20000
2018-11-01,-0.1142,0.0164,1506.6,1769.5,1861.3,0.0,20000
2018-11-04,-0.1088,0.0151,1403.3,1641.6,1716.9,0.0,20000
2018-11-06,-0.118,0.0143,1487.1,1753.6,1856.1,0.0,20000
2018-11-09,-0.0717,1.56,1488.7,1649.2,1734.8,0.0,20000
2018-11-09,-0.1113,0.0188,1368.6,1613.0,1683.9,0.0,20000
2018-11-11,-0.1118,0.0202,1487.8,1741.3,1833.5,0.0,20000
2018-11-14,-0.1073,0.0194,1370.2,1604.7,1675.0,0.0,20000
2018-11-16,-0.1563,0.0219,1367.1,1669.7,1791.5,0.0,20000
2018-11-19,-0.1034,0.0231,1354.2,1589.0,1640.5,0.0,20000
2018-11-21,-0.1113,0.0247,1462.9,1708.1,1798.8,0.0,20000
2018-11-24,-0.0759,1.5786,1495.1,1636.2,1726.9,0.0,20000
2018-11-24,-0.1115,0.0229,1342.7,1574.8,1651.9,0.0,20000
2018-11-26,-0.0729,1.568,1589.2,1740.6,1839.4,0.0,20000
2018-11-26,-0.1117,0.0237,1440.0,1689.6,1769.5,0.0,20000
2018-12-01,-0.1262,0.0258,1399.2,1659.6,1762.5,0.0,20000
2018-12-06,-0.112,0.0273,1426.4,1672.5,1749.9,0.0,20000
2018-12-09,-0.1077,0.0278,1322.0,1550.7,1611.8,0.0,20000
2018-12-11,-0.0902,0.0348,1738.4,1973.4,2045.0,0.2586,20000
2018-12-14,NaN,NaN,NaN,NaN,NaN,0.9063,0
2018-12-14,-0.0825,0.0324,1513.3,1708.9,1760.9,0.0,20000
2018-12-16,-0.0826,1.6596,1649.8,1783.9,1865.2,0.0,20000
2018-12-16,-0.1065,0.0331,1431.4,1665.3,1739.5,0.0,20000
2018-12-19,0.0189,0.113,9372.2,9383.1,9044.0,0.0297,20000
2018-12-19,0.0111,0.0005,8684.7,8746.0,8476.1,0.0,20000
2018-12-21,NaN,NaN,NaN,NaN,NaN,0.8971,0
2018-12-21,0.0101,0.005,7618.4,7663.5,7402.6,0.0,20000
2018-12-24,-0.0591,0.0577,8076.3,8013.6,7655.6,0.0178,20000
2018-12-24,0.0125,0.0124,6566.8,6625.2,6290.5,0.0,20000
2018-12-26,NaN,NaN,NaN,NaN,NaN,0.9278,0
2018-12-26,0.0067,0.0124,6045.2,6120.6,5811.9,0.0,20000
2018-12-29,-0.0111,0.1817,6052.4,6187.3,6082.2,0.0,20000
2018-12-29,-0.0131,0.0112,5082.9,5235.7,5125.0,0.0,20000
2018-12-31,-0.016,0.2977,5291.9,5412.2,5303.7,0.0071,20000
2018-12-31,-0.0171,0.0256,4192.4,4340.6,4225.6,0.0,20000
2019-01-03,NaN,NaN,NaN,NaN,NaN,0.9437,0
2019-01-03,-0.0142,0.0002,4507.9,4655.1,4607.1,0.2069,20000
2019-01-05,NaN,NaN,NaN,NaN,NaN,0.9201,0
2019-01-05,NaN,NaN,NaN,NaN,NaN,0.9198,0
2019-01-08,NaN,NaN,NaN,NaN,NaN,0.9145,0
2019-01-08,-0.0021,0.0,8052.4,8172.7,8092.8,0.0,20000
2019-01-10,NaN,NaN,NaN,NaN,NaN,0.9265,0
2019-01-10,-0.0066,0.0078,5831.2,5945.0,5864.8,0.0,20000
2019-01-13,NaN,NaN,NaN,NaN,NaN,0.9655,0
2019-01-13,-0.029,0.0254,3528.7,3690.1,3614.0,0.0,20000
2019-01-15,NaN,NaN,NaN,NaN,NaN,0.9759,0
2019-01-15,-0.0433,0.0242,3232.8,3422.1,3384.7,0.0,20000
2019-01-18,NaN,NaN,NaN,NaN,NaN,0.9675,0
2019-01-18,-0.0445,0.033,2765.6,2949.1,2886.1,0.0,20000
2019-01-20,NaN,NaN,NaN,NaN,NaN,0.9667,0
2019-01-20,-0.0418,0.042,2758.2,2948.1,2904.1,0.0,20000
2019-01-23,NaN,NaN,NaN,NaN,NaN,1.0,0
2019-01-23,NaN,NaN,NaN,NaN,NaN,1.0,0
2019-01-25,NaN,NaN,NaN,NaN,NaN,1.0,0
2019-01-25,NaN,NaN,NaN,NaN,NaN,1.0,0
2019-01-28,NaN,NaN,NaN,NaN,NaN,0.8994,0
2019-01-28,NaN,NaN,NaN,NaN,NaN,0.9993,0
2019-01-30,-0.0043,0.1074,7133.8,7251.3,7102.1,0.0284,20000
2019-01-30,-0.0127,0.0163,5587.8,5738.3,5638.0,0.0,20000
2019-02-02,NaN,NaN,NaN,NaN,NaN,0.9577,0
2019-02-02,-0.0091,0.0037,5611.6,5722.8,5656.6,0.0869,20000
2019-02-04,NaN,NaN,NaN,NaN,NaN,0.9649,0
2019-02-04,-0.0213,0.016,4702.1,4858.2,4737.8,0.0,20000
2019-02-07,0.023,0.015,4808.4,4762.3,4549.9,0.589,20000
2019-02-07,0.0406,0.0183,4403.1,4330.3,4027.0,0.5648,20000
2019-02-09,NaN,NaN,NaN,NaN,NaN,0.9988,0
2019-02-09,NaN,NaN,NaN,NaN,NaN,0.9991,0
2019-02-12,-0.0012,0.0401,7465.6,7561.3,7356.2,0.0113,20000
2019-02-12,-0.0095,0.0109,5372.5,5505.6,5369.3,0.0,20000
2019-02-14,NaN,NaN,NaN,NaN,NaN,0.953,0
2019-02-14,-0.0062,0.0,5027.4,5159.7,4985.2,0.0,20000
2019-02-17,NaN,NaN,NaN,NaN,NaN,0.9615,0
2019-02-17,NaN,NaN,NaN,NaN,NaN,0.9924,0
2019-02-19,NaN,NaN,NaN,NaN,NaN,0.9312,0
2019-02-19,NaN,NaN,NaN,NaN,NaN,0.9707,0
2019-02-22,NaN,NaN,NaN,NaN,NaN,0.9309,0
2019-02-22,NaN,NaN,NaN,NaN,NaN,0.8867,0
2019-02-24,NaN,NaN,NaN,NaN,NaN,0.964,0
2019-02-24,NaN,NaN,NaN,NaN,NaN,0.9084,0
2019-02-27,NaN,NaN,NaN,NaN,NaN,0.9977,0
2019-02-27,NaN,NaN,NaN,NaN,NaN,0.9994,0
2019-03-01,NaN,NaN,NaN,NaN,NaN,0.9929,0
2019-03-01,-0.0316,0.0102,4161.7,4345.6,4334.1,0.0,20000
2019-03-04,NaN,NaN,NaN,NaN,NaN,0.9829,0
2019-03-04,-0.0609,0.0219,2674.5,2890.1,2857.4,0.0,20000
2019-03-06,NaN,NaN,NaN,NaN,NaN,0.9866,0
2019-03-06,-0.0541,0.0031,2964.6,3172.1,3174.4,0.0,20000
2019-03-09,NaN,NaN,NaN,NaN,NaN,0.9844,0
2019-03-09,-0.0624,0.0217,2284.2,2502.7,2480.0,0.0,20000
2019-03-11,NaN,NaN,NaN,NaN,NaN,0.997,0
2019-03-11,-0.0793,0.0284,2303.9,2555.9,2580.9,0.0,20000
2019-03-14,NaN,NaN,NaN,NaN,NaN,0.947,0
2019-03-14,0.0235,0.0,2193.2,2140.0,2046.9,0.6667,20000
2019-03-16,NaN,NaN,NaN,NaN,NaN,0.9992,0
2019-03-16,NaN,NaN,NaN,NaN,NaN,0.9948,0
2019-03-19,NaN,NaN,NaN,NaN,NaN,0.8723,0
2019-03-19,-0.0779,0.0256,2015.6,2248.6,2258.8,0.7818,20000
2019-03-21,NaN,NaN,NaN,NaN,NaN,0.9989,0
2019-03-21,NaN,NaN,NaN,NaN,NaN,0.9953,0
2019-03-24,NaN,NaN,NaN,NaN,NaN,0.9853,0
2019-03-24,NaN,NaN,NaN,NaN,NaN,0.9629,0
2019-03-26,NaN,NaN,NaN,NaN,NaN,1.0,0
2019-03-26,NaN,NaN,NaN,NaN,NaN,1.0,0
2019-03-29,NaN,NaN,NaN,NaN,NaN,0.9696,0
2019-03-29,-0.0692,0.0053,2172.1,2407.3,2424.9,0.0,20000
2019-03-31,NaN,NaN,NaN,NaN,NaN,0.9999,0
2019-03-31,NaN,NaN,NaN,NaN,NaN,1.0,0
2019-04-03,NaN,NaN,NaN,NaN,NaN,0.9568,0
2019-04-03,NaN,NaN,NaN,NaN,NaN,0.9973,0
2019-04-05,-0.0324,0.0032,4799.4,4947.0,4857.0,0.7199,20000
2019-04-05,NaN,NaN,NaN,NaN,NaN,0.8747,0
2019-04-08,NaN,NaN,NaN,NaN,NaN,0.9999,0
2019-04-08,-0.0318,0.0,3858.1,4027.2,3990.8,0.0,20000
2019-04-10,NaN,NaN,NaN,NaN,NaN,0.9993,0
2019-04-10,NaN,NaN,NaN,NaN,NaN,1.0,0
2019-04-13,-0.0469,0.0086,4266.4,4413.1,4295.1,0.2088,20000
2019-04-13,NaN,NaN,NaN,NaN,NaN,0.8651,0
2019-04-15,-0.0121,0.002,5242.6,5315.5,5146.1,0.3383,20000
2019-04-15,0.0065,0.0,6112.9,6146.3,5905.3,0.4005,20000
2019-04-18,NaN,NaN,NaN,NaN,NaN,1.0,0
2019-04-18,NaN,NaN,NaN,NaN,NaN,1.0,0
2019-04-20,NaN,NaN,NaN,NaN,NaN,1.0,0
2019-04-20,NaN,NaN,NaN,NaN,NaN,1.0,0
2019-04-23,0.0144,0.0,7555.6,7524.7,7215.4,0.5192,20000
2019-04-23,0.052,0.0,8465.9,8187.1,7645.6,0.6541,20000
2019-04-25,-0.0484,0.0098,4069.9,4198.4,4069.8,0.1804,20000
2019-04-25,-0.0696,0.0,3189.0,3425.7,3410.8,0.0,20000
2019-04-28,-0.0903,0.0627,3423.3,3619.5,3600.2,0.4313,20000
2019-04-28,-0.0172,0.0078,3811.0,3808.0,3757.3,0.7022,20000
2019-04-30,-0.0263,0.0661,4313.9,4380.8,4315.4,0.6735,20000
2019-04-30,NaN,NaN,NaN,NaN,NaN,0.913,0
2019-05-03,NaN,NaN,NaN,NaN,NaN,0.9366,0
2019-05-03,NaN,NaN,NaN,NaN,NaN,0.9327,0
2019-05-05,-0.0518,0.0435,3738.2,3853.8,3791.3,0.4532,20000
2019-05-05,-0.0272,0.0001,3902.8,4004.9,3898.3,0.6364,20000
2019-05-08,-0.1037,0.1225,2250.8,2449.3,2533.6,0.1261,20000
2019-05-08,-0.0714,0.0033,2077.8,2333.5,2344.5,0.2263,20000
2019-05-10,-0.1269,0.2078,2216.3,2470.2,2644.1,0.6401,20000
2019-05-10,-0.1176,0.0059,2024.4,2372.0,2516.3,0.0,20000
2019-05-13,-0.1191,0.193,2321.9,2528.1,2627.4,0.1656,20000
2019-05-13,-0.0935,0.0016,1852.4,2109.2,2185.1,0.2794,20000
2019-05-15,-0.0984,0.2267,2562.1,2767.6,2925.4,0.2286,20000
2019-05-15,-0.0601,0.0,3152.0,3381.9,3472.2,0.6659,20000
2019-05-18,NaN,NaN,NaN,NaN,NaN,0.9649,0
2019-05-18,NaN,NaN,NaN,NaN,NaN,0.9353,0
2019-05-20,-0.0878,1.1228,2308.9,2517.6,2564.2,0.6466,20000
2019-05-20,NaN,NaN,NaN,NaN,NaN,0.8111,0
2019-05-23,-0.107,0.4462,2740.6,2949.6,3149.1,0.4873,20000
2019-05-23,-0.0593,0.0132,2443.1,2680.2,2704.8,0.4139,20000
2019-05-25,-0.0742,1.3461,2463.7,2631.8,2781.2,0.3087,20000
2019-05-25,-0.0773,0.0126,2305.0,2597.4,2669.4,0.3814,20000
2019-05-28,-0.0787,1.2678,2785.9,2901.4,3013.8,0.4044,20000
2019-05-28,NaN,NaN,NaN,NaN,NaN,0.8281,0
2019-05-30,-0.0526,1.1483,2600.3,2752.2,2874.4,0.545,20000
2019-05-30,-0.0448,0.0,3232.7,3443.5,3480.5,0.6946,20000
2019-06-02,-0.1055,0.4254,2078.2,2269.8,2443.1,0.5019,20000
2019-06-02,-0.0536,0.0,2489.9,2688.8,2702.8,0.7472,20000
2019-06-04,-0.0095,0.7127,4513.5,4495.2,4511.2,0.7024,20000
2019-06-04,NaN,NaN,NaN,NaN,NaN,0.9991,0
2019-06-07,-0.1007,0.1504,1998.3,2161.7,2279.3,0.2396,20000
2019-06-07,-0.0849,0.0092,1934.5,2215.3,2266.2,0.3974,20000
2019-06-09,NaN,NaN,NaN,NaN,NaN,0.928,0
2019-06-09,NaN,NaN,NaN,NaN,NaN,0.9352,0
2019-06-12,-0.0716,0.2038,3081.2,3115.2,3163.8,0.5273,20000
2019-06-12,NaN,NaN,NaN,NaN,NaN,0.9386,0
2019-06-14,-0.0614,1.1835,2087.8,2252.4,2394.1,0.132,20000
2019-06-14,-0.0745,0.0016,2481.1,2787.2,2832.8,0.4512,20000
2019-06-17,-0.1202,0.2734,2121.0,2271.3,2411.0,0.1198,20000
2019-06-17,-0.1165,0.0151,1626.6,1941.7,2036.9,0.1219,20000
2019-06-19,-0.0581,1.3468,2345.0,2484.6,2678.6,0.1431,20000
2019-06-19,-0.0543,0.0,3418.6,3617.0,3727.4,0.5813,20000
2019-06-19,-0.0515,1.2439,2342.9,2484.2,2644.2,0.1728,20000
2019-06-19,-0.0695,0.0,3292.9,3534.9,3691.4,0.5511,20000
2019-06-22,-0.0141,0.095,5865.6,5912.6,5940.1,0.7178,20000
2019-06-22,NaN,NaN,NaN,NaN,NaN,0.9217,0
2019-06-24,-0.0674,1.3291,1964.1,2131.2,2290.8,0.0924,20000
2019-06-24,-0.099,0.001,2030.9,2367.0,2456.8,0.0,20000
2019-06-27,NaN,NaN,NaN,NaN,NaN,0.9423,0
2019-06-27,NaN,NaN,NaN,NaN,NaN,1.0,0
2019-06-27,NaN,NaN,NaN,NaN,NaN,0.9426,0
2019-06-27,NaN,NaN,NaN,NaN,NaN,1.0,0
2019-06-29,-0.0555,1.42,2081.1,2267.6,2428.7,0.1208,20000
2019-06-29,-0.0787,0.0073,2392.8,2667.8,2771.8,0.441,20000
2019-07-02,-0.116,0.2077,2313.0,2476.8,2646.2,0.3366,20000
2019-07-02,-0.0362,0.0014,3100.2,3237.7,3190.8,0.5125,20000
2019-07-04,-0.0215,1.3352,2870.1,2991.1,3047.2,0.3379,20000
2019-07-04,-0.0263,0.0,4438.8,4531.3,4535.1,0.7156,20000
2019-07-07,NaN,NaN,NaN,NaN,NaN,0.9269,0
2019-07-07,NaN,NaN,NaN,NaN,NaN,0.993,0
2019-07-09,NaN,NaN,NaN,NaN,NaN,1.0,0
2019-07-09,NaN,NaN,NaN,NaN,NaN,0.9477,0
2019-07-12,NaN,NaN,NaN,NaN,NaN,1.0,0
2019-07-12,NaN,NaN,NaN,NaN,NaN,1.0,0
2019-07-14,NaN,NaN,NaN,NaN,NaN,1.0,0
2019-07-14,NaN,NaN,NaN,NaN,NaN,1.0,0
2019-07-17,-0.1244,0.1278,2152.9,2285.0,2440.7,0.2956,20000
2019-07-17,NaN,NaN,NaN,NaN,NaN,0.8546,0
2019-07-19,NaN,NaN,NaN,NaN,NaN,0.9264,0
2019-07-19,NaN,NaN,NaN,NaN,NaN,0.968,0
2019-07-22,NaN,NaN,NaN,NaN,NaN,1.0,0
2019-07-22,NaN,NaN,NaN,NaN,NaN,1.0,0
2019-07-24,NaN,NaN,NaN,NaN,NaN,1.0,0
2019-07-24,NaN,NaN,NaN,NaN,NaN,1.0,0
2019-07-27,-0.0444,0.0,5892.5,6063.5,6219.7,0.7767,20000
2019-07-27,0.0185,0.0,6732.4,6640.4,6439.7,0.7892,20000
2019-07-29,-0.0128,0.1053,3243.6,3244.1,3249.0,0.7553,20000
2019-07-29,NaN,NaN,NaN,NaN,NaN,0.946,0
2019-08-01,NaN,NaN,NaN,NaN,NaN,0.9991,0
2019-08-01,NaN,NaN,NaN,NaN,NaN,1.0,0
2019-08-03,NaN,NaN,NaN,NaN,NaN,0.9989,0
2019-08-03,NaN,NaN,NaN,NaN,NaN,1.0,0
2019-08-06,NaN,NaN,NaN,NaN,NaN,0.8041,0
2019-08-06,NaN,NaN,NaN,NaN,NaN,1.0,0
2019-08-08,NaN,NaN,NaN,NaN,NaN,0.8735,0
2019-08-08,NaN,NaN,NaN,NaN,NaN,0.8241,0
2019-08-11,NaN,NaN,NaN,NaN,NaN,0.9501,0
2019-08-11,NaN,NaN,NaN,NaN,NaN,1.0,0
2019-08-13,NaN,NaN,NaN,NaN,NaN,0.9311,0
2019-08-13,NaN,NaN,NaN,NaN,NaN,1.0,0
2019-08-16,NaN,NaN,NaN,NaN,NaN,0.9796,0
2019-08-16,NaN,NaN,NaN,NaN,NaN,1.0,0
2019-08-18,-0.0526,0.3666,2218.8,2302.9,2475.6,0.4959,20000
2019-08-18,NaN,NaN,NaN,NaN,NaN,0.857,0
2019-08-21,NaN,NaN,NaN,NaN,NaN,0.8051,0
2019-08-21,NaN,NaN,NaN,NaN,NaN,0.8491,0
2019-08-23,-0.0612,1.1587,2368.4,2449.5,2524.6,0.2463,20000
2019-08-23,-0.0913,0.0002,1923.6,2230.3,2301.3,0.3045,20000
2019-08-26,-0.0749,0.6836,2579.7,2645.3,2833.4,0.3611,20000
2019-08-26,NaN,NaN,NaN,NaN,NaN,0.8841,0
2019-08-28,-0.0616,0.3115,2095.6,2181.9,2355.3,0.4055,20000
2019-08-28,-0.05,0.0,2272.6,2479.6,2504.4,0.748,20000
2019-08-31,NaN,NaN,NaN,NaN,NaN,0.8416,0
2019-08-31,0.0218,0.0,7191.3,7066.5,6863.8,0.4153,20000
2019-09-02,-0.0235,0.7143,3703.4,3652.1,3713.7,0.5535,20000
2019-09-02,NaN,NaN,NaN,NaN,NaN,0.9977,0
2019-09-05,-0.0407,0.0192,4989.6,5063.5,5074.5,0.7234,20000
2019-09-05,NaN,NaN,NaN,NaN,NaN,0.8591,0
2019-09-07,NaN,NaN,NaN,NaN,NaN,0.8071,0
2019-09-07,NaN,NaN,NaN,NaN,NaN,0.863,0
2019-09-10,-0.0755,1.294,2029.8,2141.2,2307.0,0.2968,20000
2019-09-10,NaN,NaN,NaN,NaN,NaN,0.8948,0
2019-09-12,-0.0079,0.0,6792.1,6836.3,6863.7,0.7631,20000
2019-09-12,0.0362,0.0,8835.7,8531.3,8204.3,0.7953,20000
2019-09-15,-0.0976,1.1171,2558.5,2655.7,2813.5,0.337,20000
2019-09-15,NaN,NaN,NaN,NaN,NaN,0.9251,0
2019-09-17,NaN,NaN,NaN,NaN,NaN,1.0,0
2019-09-17,NaN,NaN,NaN,NaN,NaN,1.0,0
2019-09-20,NaN,NaN,NaN,NaN,NaN,1.0,0
2019-09-20,NaN,NaN,NaN,NaN,NaN,1.0,0
2019-09-22,NaN,NaN,NaN,NaN,NaN,1.0,0
2019-09-22,NaN,NaN,NaN,NaN,NaN,1.0,0
2019-09-27,-0.0573,0.5757,2980.2,3123.6,3226.2,0.7139,20000
2019-09-27,NaN,NaN,NaN,NaN,NaN,0.9689,0
2019-09-30,NaN,NaN,NaN,NaN,NaN,0.9999,0
2019-09-30,NaN,NaN,NaN,NaN,NaN,1.0,0
2019-10-02,-0.0717,1.3876,1976.1,2107.6,2218.5,0.173,20000
2019-10-02,-0.024,0.0009,3568.0,3665.7,3506.0,0.4715,20000
2019-10-05,-0.0805,0.9645,1678.9,1861.3,1969.0,0.3718,20000
2019-10-05,-0.0351,0.0,2845.2,3020.5,2947.6,0.7319,20000
2019-10-07,-0.0203,0.4749,4175.2,4179.8,4194.7,0.651,20000
2019-10-07,NaN,NaN,NaN,NaN,NaN,0.9811,0
2019-10-10,NaN,NaN,NaN,NaN,NaN,0.9118,0
2019-10-10,-0.1277,0.0015,1599.8,1865.8,1970.1,0.0,20000
2019-10-12,-0.0557,1.4462,1779.6,1933.2,1987.6,0.5021,20000
2019-10-12,-0.088,0.0028,1987.0,2234.3,2275.4,0.2002,20000
2019-10-15,-0.0656,1.4894,1592.8,1730.9,1802.9,0.0062,20000
2019-10-15,-0.1038,0.0025,1578.1,1825.9,1885.0,0.0,20000
2019-10-17,-0.0599,1.4595,1698.5,1847.1,1923.7,0.2704,20000
2019-10-17,-0.114,0.0031,1677.1,1941.7,2037.1,0.2859,20000
2019-10-20,NaN,NaN,NaN,NaN,NaN,0.9428,0
2019-10-20,NaN,NaN,NaN,NaN,NaN,0.9626,0
2019-10-22,NaN,NaN,NaN,NaN,NaN,0.8936,0
2019-10-22,-0.0235,0.0004,4696.4,4876.0,4798.2,0.0,20000
2019-10-25,0.0144,0.0947,6490.5,6478.9,6337.2,0.7231,20000
2019-10-25,0.0451,0.0,6141.5,5948.6,5593.1,0.618,20000
2019-10-27,NaN,NaN,NaN,NaN,NaN,0.9326,0
2019-10-27,-0.0157,0.0,3890.3,4027.8,3928.1,0.0,20000
2019-10-30,0.0308,1.3627,4219.1,4251.9,3992.7,0.205,20000
2019-10-30,-0.0944,0.0185,2240.8,2406.4,2333.3,0.2469,20000
2019-11-01,NaN,NaN,NaN,NaN,NaN,0.8709,0
2019-11-01,NaN,NaN,NaN,NaN,NaN,0.9252,0
2019-11-04,0.036,1.4111,3995.3,4055.4,3884.5,0.3635,20000
2019-11-04,NaN,NaN,NaN,NaN,NaN,0.9097,0
2019-11-06,NaN,NaN,NaN,NaN,NaN,0.8187,0
2019-11-06,-0.0794,0.007,2124.0,2336.3,2362.4,0.0,20000
2019-11-09,NaN,NaN,NaN,NaN,NaN,0.8751,0
2019-11-09,NaN,NaN,NaN,NaN,NaN,1.0,0
2019-11-11,NaN,NaN,NaN,NaN,NaN,0.843,0
2019-11-11,-0.0881,0.0119,1958.2,2186.1,2221.6,0.0,20000
2019-11-14,NaN,NaN,NaN,NaN,NaN,0.8928,0
2019-11-14,-0.0809,0.0097,1683.3,1876.3,1892.1,0.0,20000
2019-11-16,0.0034,1.5049,2753.5,2839.1,2740.2,0.2243,20000
2019-11-16,-0.092,0.0185,1838.1,2076.6,2114.5,0.0,20000
2019-11-19,NaN,NaN,NaN,NaN,NaN,0.8858,0
2019-11-19,-0.1074,0.0183,1620.5,1850.7,1916.0,0.0,20000
2019-11-21,NaN,NaN,NaN,NaN,NaN,0.829,0
2019-11-21,-0.0939,0.0206,1723.9,1958.1,2007.6,0.0,20000
2019-11-24,NaN,NaN,NaN,NaN,NaN,0.9213,0
2019-11-24,-0.0519,0.0137,2009.2,2166.2,2161.6,0.0,20000
2019-11-29,-0.0124,1.5011,2346.7,2447.3,2393.6,0.7307,20000
2019-11-29,-0.0845,0.0275,1674.2,1883.8,1914.5,0.0,20000
2019-12-01,NaN,NaN,NaN,NaN,NaN,0.8754,0
2019-12-01,-0.1054,0.0255,1664.2,1909.7,1971.3,0.0,20000
2019-12-04,-0.0434,1.5736,2060.5,2181.6,2183.3,0.0,20000
2019-12-04,-0.0935,0.0263,1560.0,1775.2,1821.8,0.0,20000
2019-12-06,-0.0357,1.6711,2113.6,2231.5,2246.4,0.0,20000
2019-12-06,-0.0959,0.0291,1624.7,1857.7,1918.0,0.0,20000
2019-12-06,-0.0346,1.6841,2117.7,2230.6,2244.6,0.0,20000
2019-12-06,-0.0957,0.0301,1628.7,1861.9,1918.9,0.0,20000
2019-12-09,-0.041,1.6048,1984.4,2092.4,2106.3,0.0,20000
2019-12-09,-0.0989,0.0271,1495.7,1713.5,1773.3,0.0,20000
2019-12-11,NaN,NaN,NaN,NaN,NaN,0.918,0
2019-12-11,NaN,NaN,NaN,NaN,NaN,0.9974,0
2019-12-14,NaN,NaN,NaN,NaN,NaN,0.9958,0
2019-12-14,NaN,NaN,NaN,NaN,NaN,0.9997,0
2019-12-16,NaN,NaN,NaN,NaN,NaN,0.9448,0
2019-12-16,-0.0427,0.0095,3575.8,3774.7,3799.1,0.0,20000
2019-12-19,-0.0293,1.1543,2983.1,3103.0,3086.1,0.0,20000
2019-12-19,-0.058,0.0223,2328.7,2532.1,2535.0,0.0,20000
2019-12-19,NaN,NaN,NaN,NaN,NaN,0.8584,0
2019-12-21,-0.0227,1.2187,3100.1,3243.6,3174.1,0.7273,20000
2019-12-21,-0.0659,0.0208,2182.1,2410.6,2419.6,0.0,20000
2019-12-24,NaN,NaN,NaN,NaN,NaN,0.9052,0
2019-12-24,-0.0773,0.0232,1850.3,2069.6,2095.3,0.0,20000
2019-12-26,NaN,NaN,NaN,NaN,NaN,0.8934,0
2019-12-26,-0.1179,0.0187,1310.9,1525.9,1589.8,0.0,20000
2019-12-29,-0.0399,1.4373,2310.2,2425.1,2424.9,0.0,20000
2019-12-29,-0.0796,0.0295,1722.0,1931.2,1967.1,0.0,20000
2019-12-29,-0.0426,1.4222,2307.4,2423.6,2427.3,0.0,20000
2019-12-31,-0.0385,1.4772,2403.0,2522.2,2520.4,0.0,20000
2019-12-31,-0.0762,0.0319,1817.0,2036.2,2066.1,0.0,20000
2020-01-03,NaN,NaN,NaN,NaN,NaN,1.0,0
2020-01-03,NaN,NaN,NaN,NaN,NaN,1.0,0
2020-01-05,NaN,NaN,NaN,NaN,NaN,0.9221,0
2020-01-05,NaN,NaN,NaN,NaN,NaN,0.993,0
2020-01-08,NaN,NaN,NaN,NaN,NaN,0.8704,0
2020-01-08,NaN,NaN,NaN,NaN,NaN,0.9654,0
2020-01-10,NaN,NaN,NaN,NaN,NaN,0.9678,0
2020-01-10,-0.0566,0.0296,2375.2,2580.2,2599.8,0.0,20000
2020-01-13,-0.0432,1.1392,2569.4,2697.2,2669.9,0.0,20000
2020-01-13,-0.0746,0.0306,1734.3,1946.3,1955.7,0.0,20000
2020-01-15,NaN,NaN,NaN,NaN,NaN,0.9256,0
2020-01-15,-0.0858,0.0315,1756.3,1982.4,2043.2,0.0,20000
2020-01-18,NaN,NaN,NaN,NaN,NaN,0.9012,0
2020-01-18,-0.0674,0.0311,1839.8,2030.6,2060.3,0.0,20000
2020-01-20,-0.0487,1.5509,2400.1,2526.0,2539.7,0.0039,20000
2020-01-20,-0.0868,0.0309,1698.5,1926.1,1981.6,0.0,20000
2020-01-23,NaN,NaN,NaN,NaN,NaN,0.8708,0
2020-01-23,-0.085,0.0322,1549.2,1762.1,1800.1,0.0,20000
2020-01-25,-0.0531,1.5976,2283.6,2408.6,2435.2,0.0,20000
2020-01-25,-0.0907,0.0326,1675.4,1905.4,1972.5,0.0,20000
2020-01-28,NaN,NaN,NaN,NaN,NaN,0.8721,0
2020-01-28,-0.0863,0.0308,1591.9,1803.5,1851.2,0.0,20000
2020-01-30,NaN,NaN,NaN,NaN,NaN,0.898,0
2020-01-30,NaN,NaN,NaN,NaN,NaN,0.9411,0
2020-02-02,NaN,NaN,NaN,NaN,NaN,0.8896,0
2020-02-02,-0.0861,0.0342,1546.6,1759.7,1799.0,0.0,20000
2020-02-04,NaN,NaN,NaN,NaN,NaN,0.9025,0
2020-02-04,-0.0932,0.0355,1679.3,1915.8,1981.6,0.0,20000
2020-02-07,NaN,NaN,NaN,NaN,NaN,0.9006,0
2020-02-07,-0.0929,0.0331,1537.6,1757.3,1812.0,0.0,20000
2020-02-09,NaN,NaN,NaN,NaN,NaN,0.9834,0
2020-02-09,NaN,NaN,NaN,NaN,NaN,1.0,0
2020-02-12,-0.0507,1.6733,2041.7,2143.9,2120.8,0.0,20000
2020-02-12,-0.087,0.034,1526.0,1745.2,1780.4,0.0,20000
2020-02-14,NaN,NaN,NaN,NaN,NaN,0.9109,0
2020-02-14,-0.0959,0.031,1678.8,1922.4,1996.8,0.0,20000
2020-02-17,NaN,NaN,NaN,NaN,NaN,0.8871,0
2020-02-17,-0.1108,0.0251,1478.3,1723.9,1797.0,0.0,20000
2020-02-19,NaN,NaN,NaN,NaN,NaN,0.8254,0
2020-02-19,-0.1112,0.0248,1634.7,1910.6,1991.2,0.0,20000
2020-02-22,NaN,NaN,NaN,NaN,NaN,0.919,0
2020-02-22,NaN,NaN,NaN,NaN,NaN,0.9095,0
2020-02-24,NaN,NaN,NaN,NaN,NaN,0.9721,0
2020-02-24,NaN,NaN,NaN,NaN,NaN,0.988,0
2020-02-27,NaN,NaN,NaN,NaN,NaN,1.0,0
2020-02-27,NaN,NaN,NaN,NaN,NaN,1.0,0
2020-02-29,0.0059,0.0143,7648.7,7736.6,7473.7,0.0312,20000
2020-02-29,-0.0004,0.0,6657.4,6802.7,6607.2,0.0,20000
2020-03-03,NaN,NaN,NaN,NaN,NaN,0.9746,0
2020-03-03,NaN,NaN,NaN,NaN,NaN,0.9748,0
2020-03-05,NaN,NaN,NaN,NaN,NaN,0.9528,0
2020-03-05,NaN,NaN,NaN,NaN,NaN,0.9152,0
2020-03-08,NaN,NaN,NaN,NaN,NaN,0.9953,0
2020-03-08,-0.0508,0.0089,2629.1,2828.6,2820.1,0.0,20000
2020-03-10,NaN,NaN,NaN,NaN,NaN,0.9864,0
2020-03-10,-0.0724,0.0119,2336.6,2583.3,2617.0,0.0,20000
2020-03-13,NaN,NaN,NaN,NaN,NaN,1.0,0
2020-03-13,NaN,NaN,NaN,NaN,NaN,1.0,0
2020-03-15,NaN,NaN,NaN,NaN,NaN,0.9945,0
2020-03-15,NaN,NaN,NaN,NaN,NaN,0.9869,0
2020-03-18,NaN,NaN,NaN,NaN,NaN,0.9953,0
2020-03-18,-0.0164,0.0044,4865.9,5023.2,4846.3,0.0,20000
2020-03-20,NaN,NaN,NaN,NaN,NaN,0.981,0
2020-03-20,NaN,NaN,NaN,NaN,NaN,0.9982,0
2020-03-23,NaN,NaN,NaN,NaN,NaN,0.9448,0
2020-03-23,NaN,NaN,NaN,NaN,NaN,0.9959,0
2020-03-25,NaN,NaN,NaN,NaN,NaN,0.9347,0
2020-03-25,NaN,NaN,NaN,NaN,NaN,0.935,0
2020-03-28,0.0267,0.0245,6383.8,6323.0,5789.6,0.6728,20000
2020-03-28,-0.0547,0.0042,3057.7,3280.3,3203.2,0.0,20000
2020-03-30,NaN,NaN,NaN,NaN,NaN,0.9999,0
2020-03-30,-0.0508,0.0069,2875.2,3102.5,3074.9,0.0,20000
2020-04-02,NaN,NaN,NaN,NaN,NaN,0.9234,0
2020-04-02,-0.0196,0.0038,3327.0,3426.4,3320.3,0.7783,20000
2020-04-04,NaN,NaN,NaN,NaN,NaN,0.9914,0
2020-04-04,NaN,NaN,NaN,NaN,NaN,0.9162,0
2020-04-07,NaN,NaN,NaN,NaN,NaN,0.9998,0
2020-04-07,NaN,NaN,NaN,NaN,NaN,0.9977,0
2020-04-09,NaN,NaN,NaN,NaN,NaN,0.9958,0
2020-04-09,NaN,NaN,NaN,NaN,NaN,1.0,0
2020-04-12,NaN,NaN,NaN,NaN,NaN,0.9999,0
2020-04-12,NaN,NaN,NaN,NaN,NaN,0.9997,0
2020-04-14,NaN,NaN,NaN,NaN,NaN,1.0,0
2020-04-14,NaN,NaN,NaN,NaN,NaN,1.0,0
2020-04-17,NaN,NaN,NaN,NaN,NaN,0.9685,0
2020-04-17,NaN,NaN,NaN,NaN,NaN,0.9253,0
2020-04-19,-0.0521,0.0176,3849.1,4046.3,3985.6,0.6436,20000
2020-04-19,NaN,NaN,NaN,NaN,NaN,0.8954,0
2020-04-22,NaN,NaN,NaN,NaN,NaN,0.8325,0
2020-04-22,0.002,0.0,3455.3,3468.5,3384.6,0.7978,20000
2020-04-24,NaN,NaN,NaN,NaN,NaN,0.8321,0
2020-04-24,NaN,NaN,NaN,NaN,NaN,0.9376,0
2020-04-27,NaN,NaN,NaN,NaN,NaN,1.0,0
2020-04-27,NaN,NaN,NaN,NaN,NaN,1.0,0
2020-04-29,NaN,NaN,NaN,NaN,NaN,0.9965,0
2020-04-29,NaN,NaN,NaN,NaN,NaN,1.0,0
2020-05-02,-0.0306,0.0,5910.3,6086.7,6003.5,0.3943,20000
2020-05-02,0.0027,0.0,7221.6,7293.8,7098.9,0.3903,20000
2020-05-04,-0.0609,0.0072,3811.2,3988.5,3938.6,0.3431,20000
2020-05-04,0.0133,0.0003,5576.9,5532.8,5300.5,0.7079,20000
2020-05-07,NaN,NaN,NaN,NaN,NaN,1.0,0
2020-05-07,NaN,NaN,NaN,NaN,NaN,0.9956,0
2020-05-09,NaN,NaN,NaN,NaN,NaN,0.9083,0
2020-05-09,NaN,NaN,NaN,NaN,NaN,0.8342,0
2020-05-12,-0.0657,0.0003,3535.2,3717.5,3770.3,0.5631,20000
2020-05-12,NaN,NaN,NaN,NaN,NaN,0.8072,0
2020-05-14,-0.0653,0.3288,3209.8,3387.4,3446.9,0.4533,20000
2020-05-14,NaN,NaN,NaN,NaN,NaN,0.8409,0
2020-05-17,-0.0979,0.3842,2256.6,2433.6,2526.7,0.1244,20000
2020-05-17,-0.0571,0.0101,2386.5,2589.2,2581.7,0.3494,20000
2020-05-19,NaN,NaN,NaN,NaN,NaN,1.0,0
2020-05-19,NaN,NaN,NaN,NaN,NaN,1.0,0
2020-05-22,0.0621,0.0005,7972.6,7863.2,7040.4,0.5418,20000
2020-05-22,0.0687,0.0,7945.7,7789.4,6939.3,0.1055,20000
2020-05-24,-0.0654,0.1137,3861.3,4014.7,3930.9,0.2349,20000
2020-05-24,-0.0147,0.0003,4137.0,4234.6,4097.1,0.6501,20000
2020-05-27,NaN,NaN,NaN,NaN,NaN,0.938,0
2020-05-27,NaN,NaN,NaN,NaN,NaN,0.9724,0
2020-05-29,NaN,NaN,NaN,NaN,NaN,0.9579,0
2020-05-29,NaN,NaN,NaN,NaN,NaN,0.9403,0
2020-06-01,NaN,NaN,NaN,NaN,NaN,0.9264,0
2020-06-01,NaN,NaN,NaN,NaN,NaN,0.9447,0
2020-06-03,-0.1064,1.3807,2388.2,2587.7,2807.9,0.2398,20000
2020-06-03,NaN,NaN,NaN,NaN,NaN,0.8433,0
2020-06-06,NaN,NaN,NaN,NaN,NaN,0.9997,0
2020-06-06,NaN,NaN,NaN,NaN,NaN,1.0,0
2020-06-08,-0.0081,0.5145,5639.6,5634.4,5573.4,0.7987,20000
2020-06-08,NaN,NaN,NaN,NaN,NaN,0.9033,0
2020-06-11,-0.1134,1.2881,2280.3,2417.6,2556.9,0.2248,20000
2020-06-11,NaN,NaN,NaN,NaN,NaN,0.8891,0
2020-06-13,-0.0721,0.9915,3071.1,3209.9,3428.6,0.5126,20000
2020-06-13,NaN,NaN,NaN,NaN,NaN,0.9843,0
2020-06-16,NaN,NaN,NaN,NaN,NaN,1.0,0
2020-06-16,NaN,NaN,NaN,NaN,NaN,1.0,0
2020-06-18,NaN,NaN,NaN,NaN,NaN,0.9687,0
2020-06-18,NaN,NaN,NaN,NaN,NaN,1.0,0
2020-06-21,NaN,NaN,NaN,NaN,NaN,0.9948,0
2020-06-21,NaN,NaN,NaN,NaN,NaN,1.0,0
2020-06-23,-0.0516,0.0752,4191.2,4295.6,4430.0,0.737,20000
2020-06-23,NaN,NaN,NaN,NaN,NaN,0.8822,0
2020-06-26,-0.0964,0.3011,3106.2,3281.7,3483.0,0.7725,20000
2020-06-26,NaN,NaN,NaN,NaN,NaN,0.9486,0
2020-06-28,NaN,NaN,NaN,NaN,NaN,0.9692,0
2020-06-28,NaN,NaN,NaN,NaN,NaN,1.0,0
2020-07-01,NaN,NaN,NaN,NaN,NaN,0.8366,0
2020-07-01,NaN,NaN,NaN,NaN,NaN,1.0,0
2020-07-03,NaN,NaN,NaN,NaN,NaN,0.8289,0
2020-07-03,NaN,NaN,NaN,NaN,NaN,0.8044,0
2020-07-06,NaN,NaN,NaN,NaN,NaN,0.8252,0
2020-07-06,NaN,NaN,NaN,NaN,NaN,1.0,0
2020-07-08,NaN,NaN,NaN,NaN,NaN,0.953,0
2020-07-08,NaN,NaN,NaN,NaN,NaN,1.0,0
2020-07-11,NaN,NaN,NaN,NaN,NaN,1.0,0
2020-07-11,NaN,NaN,NaN,NaN,NaN,1.0,0
2020-07-13,-0.0985,0.7785,2250.4,2390.7,2708.9,0.4283,20000
2020-07-13,NaN,NaN,NaN,NaN,NaN,0.9815,0
2020-07-16,NaN,NaN,NaN,NaN,NaN,1.0,0
2020-07-16,NaN,NaN,NaN,NaN,NaN,1.0,0
2020-07-18,NaN,NaN,NaN,NaN,NaN,0.9993,0
2020-07-18,NaN,NaN,NaN,NaN,NaN,0.9861,0
2020-07-21,NaN,NaN,NaN,NaN,NaN,0.9975,0
2020-07-21,NaN,NaN,NaN,NaN,NaN,1.0,0
2020-07-23,-0.0144,0.0,7359.5,7433.9,7551.2,0.6374,20000
2020-07-23,NaN,NaN,NaN,NaN,NaN,0.9619,0
2020-07-26,0.0016,0.0,9219.9,9230.3,9165.6,0.7666,20000
2020-07-26,NaN,NaN,NaN,NaN,NaN,0.8981,0
2020-07-28,NaN,NaN,NaN,NaN,NaN,1.0,0
2020-07-28,NaN,NaN,NaN,NaN,NaN,1.0,0
2020-07-31,-0.0026,0.0,7578.6,7640.0,7586.2,0.682,20000
2020-07-31,NaN,NaN,NaN,NaN,NaN,1.0,0
2020-08-02,NaN,NaN,NaN,NaN,NaN,0.9569,0
2020-08-02,NaN,NaN,NaN,NaN,NaN,1.0,0
2020-08-05,-0.1024,0.2901,4093.4,4133.1,4303.0,0.7429,20000
2020-08-05,NaN,NaN,NaN,NaN,NaN,0.8695,0
2020-08-07,-0.084,1.387,1913.1,2003.1,2256.4,0.1566,20000
2020-08-07,-0.1053,0.0003,1942.8,2268.3,2334.4,0.3362,20000
2020-08-10,NaN,NaN,NaN,NaN,NaN,1.0,0
2020-08-10,NaN,NaN,NaN,NaN,NaN,1.0,0
2020-08-12,NaN,NaN,NaN,NaN,NaN,0.9947,0
2020-08-12,NaN,NaN,NaN,NaN,NaN,0.982,0
2020-08-15,0.0014,0.0,6784.7,6799.1,6760.5,0.317,20000
2020-08-15,0.0372,0.0,9038.3,8813.3,8387.4,0.5901,20000
2020-08-17,-0.0926,1.3132,2050.2,2104.4,2325.7,0.1342,20000
2020-08-17,-0.0502,0.0,4549.2,4681.5,4506.6,0.0309,20000
2020-08-20,-0.1474,0.4823,2095.5,2247.3,2465.9,0.3821,20000
2020-08-20,-0.0718,0.0001,2418.9,2630.0,2663.8,0.42,20000
2020-08-22,-0.0346,0.3165,4386.8,4454.8,4584.6,0.7745,20000
2020-08-22,NaN,NaN,NaN,NaN,NaN,0.9016,0
2020-08-25,NaN,NaN,NaN,NaN,NaN,0.9873,0
2020-08-25,NaN,NaN,NaN,NaN,NaN,0.9985,0
2020-08-27,-0.0694,1.3768,2055.9,2141.2,2355.1,0.1996,20000
2020-08-27,-0.0594,0.0001,2727.8,2944.0,2954.8,0.451,20000
2020-08-30,-0.1097,0.3557,2531.8,2618.9,2842.9,0.4235,20000
2020-08-30,NaN,NaN,NaN,NaN,NaN,0.9556,0
2020-09-01,-0.0279,0.8996,3225.9,3223.8,3299.6,0.5128,20000
2020-09-01,NaN,NaN,NaN,NaN,NaN,0.9037,0
2020-09-04,-0.1233,1.272,2073.6,2175.4,2365.4,0.2374,20000
2020-09-04,-0.0012,0.0,5149.1,5110.4,5005.6,0.798,20000
2020-09-06,NaN,NaN,NaN,NaN,NaN,0.9994,0
2020-09-06,NaN,NaN,NaN,NaN,NaN,1.0,0
2020-09-09,-0.1088,0.0051,2789.1,2968.2,3170.3,0.6909,20000
2020-09-09,NaN,NaN,NaN,NaN,NaN,0.8342,0
2020-09-11,-0.0532,0.8342,3395.3,3534.5,3654.4,0.7788,20000
2020-09-11,NaN,NaN,NaN,NaN,NaN,1.0,0
2020-09-14,-0.1035,1.2815,1758.9,1935.0,2130.6,0.4773,20000
2020-09-14,NaN,NaN,NaN,NaN,NaN,0.9597,0
2020-09-16,-0.0682,0.9546,2698.0,2794.5,2929.5,0.5027,20000
2020-09-16,NaN,NaN,NaN,NaN,NaN,0.9847,0
2020-09-19,NaN,NaN,NaN,NaN,NaN,0.9532,0
2020-09-19,NaN,NaN,NaN,NaN,NaN,1.0,0
2020-09-21,NaN,NaN,NaN,NaN,NaN,1.0,0
2020-09-21,NaN,NaN,NaN,NaN,NaN,1.0,0
2020-09-24,NaN,NaN,NaN,NaN,NaN,0.9848,0
2020-09-24,NaN,NaN,NaN,NaN,NaN,0.9918,0
2020-09-26,NaN,NaN,NaN,NaN,NaN,1.0,0
2020-09-26,NaN,NaN,NaN,NaN,NaN,1.0,0
2020-09-29,-0.1065,1.4008,1355.6,1523.3,1694.6,0.0853,20000
2020-09-29,-0.0915,0.0007,1849.4,2105.2,2147.0,0.2414,20000
2020-10-01,-0.0724,1.1136,2055.2,2195.4,2305.2,0.2119,20000
2020-10-01,-0.0208,0.0,4548.6,4612.3,4528.2,0.7053,20000
2020-10-04,-0.0708,1.1353,2327.0,2456.4,2579.6,0.3458,20000
2020-10-04,NaN,NaN,NaN,NaN,NaN,0.8296,0
2020-10-09,-0.0767,1.4645,1451.5,1588.7,1684.5,0.0859,20000
2020-10-09,-0.1097,0.0001,1385.6,1639.8,1720.7,0.0,20000
2020-10-11,-0.0722,1.4693,1576.0,1718.4,1828.7,0.0799,20000
2020-10-11,-0.1401,0.0027,1409.8,1701.4,1834.0,0.146,20000
2020-10-14,-0.0756,1.4713,1438.4,1572.1,1664.7,0.0313,20000
2020-10-14,-0.1068,0.0001,1397.9,1643.9,1725.0,0.0,20000
2020-10-16,-0.0768,1.4859,1536.9,1697.5,1804.1,0.0349,20000
2020-10-16,-0.1062,0.0004,1509.2,1776.3,1856.5,0.0,20000
2020-10-19,-0.0706,1.4582,1508.1,1659.7,1735.8,0.0766,20000
2020-10-19,-0.0642,0.0006,2252.7,2476.3,2507.9,0.6065,20000
2020-10-21,-0.062,1.4758,1600.8,1743.3,1826.8,0.219,20000
2020-10-21,-0.109,0.0,1513.4,1771.2,1871.9,0.0,20000
2020-10-24,-0.0724,1.5384,1482.0,1625.6,1719.7,0.0,20000
2020-10-24,-0.1115,0.0,1384.5,1629.6,1722.1,0.0,20000
2020-10-26,-0.1513,0.1275,2169.0,2455.7,2705.3,0.7736,20000
2020-10-26,-0.0756,0.0094,2220.6,2311.0,2347.8,0.5597,20000
2020-10-29,-0.0699,1.516,1469.2,1614.5,1698.4,0.0066,20000
2020-10-29,-0.109,0.0045,1368.5,1608.9,1690.8,0.0,20000
2020-10-31,-0.0531,1.482,1667.7,1822.0,1871.9,0.742,20000
2020-10-31,-0.1179,0.0116,1673.4,1953.0,2055.9,0.7436,20000
2020-11-03,NaN,NaN,NaN,NaN,NaN,0.8724,0
2020-11-03,NaN,NaN,NaN,NaN,NaN,0.9081,0
2020-11-05,NaN,NaN,NaN,NaN,NaN,0.8868,0
2020-11-05,-0.1117,0.0056,1477.4,1731.3,1831.0,0.0,20000
2020-11-08,-0.0629,1.5731,1477.8,1618.0,1689.7,0.0,20000
2020-11-08,-0.1097,0.0099,1344.6,1583.6,1661.9,0.0,20000
2020-11-10,-0.0796,1.5506,1576.3,1733.3,1846.9,0.0,20000
2020-11-10,-0.11,0.0073,1461.9,1709.9,1806.9,0.0,20000
2020-11-13,-0.0692,1.5647,1456.2,1596.4,1688.3,0.0,20000
2020-11-13,-0.1123,0.0124,1337.4,1571.7,1661.5,0.0,20000
2020-11-15,-0.0662,1.5725,1543.3,1692.6,1792.6,0.0,20000
2020-11-15,-0.1117,0.0138,1433.1,1682.9,1775.6,0.0,20000
2020-11-18,-0.0936,1.3703,1579.4,1754.6,1833.1,0.7169,20000
2020-11-18,-0.1048,0.0111,1347.8,1576.8,1647.0,0.0,20000
2020-11-20,NaN,NaN,NaN,NaN,NaN,0.8589,0
2020-11-20,-0.1253,0.013,1399.8,1662.6,1775.0,0.0,20000
2020-11-23,NaN,NaN,NaN,NaN,NaN,0.8424,0
2020-11-23,-0.1094,0.0156,1322.7,1551.5,1631.1,0.0,20000
2020-11-25,NaN,NaN,NaN,NaN,NaN,0.827,0
2020-11-25,NaN,NaN,NaN,NaN,NaN,0.8432,0
2020-11-28,NaN,NaN,NaN,NaN,NaN,0.9362,0
2020-11-28,NaN,NaN,NaN,NaN,NaN,0.993,0
2020-11-30,-0.0148,0.4617,4419.2,4548.8,4511.7,0.0026,20000
2020-11-30,NaN,NaN,NaN,NaN,NaN,0.8389,0
2020-12-03,NaN,NaN,NaN,NaN,NaN,0.9546,0
2020-12-03,-0.0896,0.0121,1722.0,1944.6,2010.6,0.0,20000
2020-12-05,NaN,NaN,NaN,NaN,NaN,0.8945,0
2020-12-05,NaN,NaN,NaN,NaN,NaN,0.9395,0
2020-12-08,NaN,NaN,NaN,NaN,NaN,0.8259,0
2020-12-08,-0.0916,0.0183,1480.7,1701.3,1753.8,0.0,20000
2020-12-10,NaN,NaN,NaN,NaN,NaN,0.8911,0
2020-12-10,-0.0979,0.0199,1529.4,1763.6,1841.5,0.0,20000
2020-12-13,NaN,NaN,NaN,NaN,NaN,0.9014,0
2020-12-13,-0.1027,0.0178,1380.9,1602.4,1675.6,0.0,20000
2020-12-15,NaN,NaN,NaN,NaN,NaN,0.8824,0
2020-12-15,-0.1032,0.0182,1460.6,1694.8,1776.0,0.0,20000
2020-12-18,NaN,NaN,NaN,NaN,NaN,0.851,0
2020-12-18,-0.1077,0.0206,1320.4,1548.4,1618.8,0.0,20000
2020-12-20,-0.0635,1.6576,1679.9,1813.4,1908.2,0.0,20000
2020-12-20,-0.1044,0.0245,1436.1,1668.9,1754.3,0.0,20000
2020-12-23,-0.0711,1.5064,1618.6,1760.0,1833.2,0.3701,20000
2020-12-23,-0.1034,0.0222,1322.6,1547.2,1608.4,0.0,20000
2020-12-28,NaN,NaN,NaN,NaN,NaN,0.8642,0
2020-12-28,-0.1102,0.0225,1317.5,1547.5,1619.2,0.0,20000
2020-12-30,NaN,NaN,NaN,NaN,NaN,0.8904,0
2020-12-30,-0.1108,0.0241,1427.9,1667.5,1761.7,0.0,20000
2021-01-02,-0.0659,1.7041,1531.2,1643.8,1711.9,0.0,20000
2021-01-02,-0.1022,0.0262,1318.0,1535.8,1600.2,0.0,20000
2021-01-04,NaN,NaN,NaN,NaN,NaN,0.9627,0
2021-01-04,NaN,NaN,NaN,NaN,NaN,0.9917,0
2021-01-07,-0.0492,1.6238,1799.6,1917.2,1973.6,0.0,20000
2021-01-07,-0.1039,0.0266,1311.7,1532.8,1593.2,0.0,20000
2021-01-09,NaN,NaN,NaN,NaN,NaN,0.8884,0
2021-01-09,-0.1142,0.02,1318.5,1549.4,1631.7,0.0,20000
2021-01-12,NaN,NaN,NaN,NaN,NaN,0.8795,0
2021-01-12,-0.1045,0.0219,1325.1,1544.1,1617.7,0.0,20000
2021-01-14,-0.0743,1.4589,1778.5,1939.4,2013.8,0.7819,20000
2021-01-14,-0.1235,0.02,1398.6,1662.2,1747.5,0.0,20000
2021-01-17,NaN,NaN,NaN,NaN,NaN,0.8847,0
2021-01-17,-0.1061,0.0197,1321.9,1544.4,1615.1,0.0,20000
2021-01-19,NaN,NaN,NaN,NaN,NaN,0.8608,0
2021-01-19,NaN,NaN,NaN,NaN,NaN,0.9485,0
2021-01-22,NaN,NaN,NaN,NaN,NaN,0.8689,0
2021-01-22,-0.1021,0.0232,1339.2,1557.5,1624.5,0.0,20000
2021-01-24,NaN,NaN,NaN,NaN,NaN,0.896,0
2021-01-24,-0.1031,0.0209,1503.3,1745.3,1827.2,0.0,20000
2021-01-27,-0.0835,1.6558,1563.0,1687.5,1764.0,0.0,20000
2021-01-27,-0.1071,0.0225,1337.7,1565.9,1637.1,0.0,20000
2021-01-29,NaN,NaN,NaN,NaN,NaN,0.9089,0
2021-01-29,-0.1073,0.0235,1505.8,1747.9,1847.4,0.0,20000
2021-02-01,NaN,NaN,NaN,NaN,NaN,0.8955,0
2021-02-01,-0.1025,0.0268,1370.8,1592.1,1664.3,0.0,20000
2021-02-03,NaN,NaN,NaN,NaN,NaN,0.9061,0
2021-02-03,-0.1111,0.0237,1493.8,1747.3,1837.6,0.0,20000
2021-02-06,NaN,NaN,NaN,NaN,NaN,1.0,0
2021-02-06,NaN,NaN,NaN,NaN,NaN,1.0,0
2021-02-08,-0.049,1.2641,2945.8,3067.2,3141.5,0.0,20000
2021-02-08,-0.0617,0.0069,2601.3,2796.4,2865.2,0.0,20000
2021-02-11,NaN,NaN,NaN,NaN,NaN,0.9016,0
2021-02-11,-0.1005,0.0211,1419.7,1643.3,1712.2,0.0,20000
2021-02-13,NaN,NaN,NaN,NaN,NaN,0.887,0
2021-02-13,-0.091,0.0226,1699.6,1942.4,2007.4,0.1493,20000
2021-02-16,NaN,NaN,NaN,NaN,NaN,0.8859,0
2021-02-16,NaN,NaN,NaN,NaN,NaN,0.9255,0
2021-02-18,NaN,NaN,NaN,NaN,NaN,0.9511,0
2021-02-18,NaN,NaN,NaN,NaN,NaN,0.9994,0
2021-02-21,-0.1279,0.8039,1875.0,2046.6,2172.1,0.0,20000
2021-02-21,-0.1011,0.0116,1447.8,1676.3,1751.2,0.0,20000
2021-02-23,NaN,NaN,NaN,NaN,NaN,0.9244,0
2021-02-23,-0.1072,0.0186,1588.7,1851.5,1939.6,0.0,20000
2021-02-26,NaN,NaN,NaN,NaN,NaN,0.8851,0
2021-02-26,-0.1201,0.017,1406.0,1666.6,1754.1,0.0,20000
2021-02-28,-0.1951,1.435,1667.6,1929.7,2133.0,0.7088,20000
2021-02-28,-0.1045,0.0118,1775.2,2037.9,2130.7,0.7816,20000
2021-03-03,NaN,NaN,NaN,NaN,NaN,0.9022,0
2021-03-03,-0.1104,0.0053,1460.0,1709.3,1801.4,0.0,20000
2021-03-05,-0.1687,0.9438,1889.3,2148.3,2347.0,0.7554,20000
2021-03-05,-0.1043,0.0061,1823.3,2103.5,2195.8,0.6989,20000
2021-03-08,NaN,NaN,NaN,NaN,NaN,0.9845,0
2021-03-08,-0.1194,0.007,1455.3,1720.0,1814.9,0.0,20000
2021-03-10,NaN,NaN,NaN,NaN,NaN,0.9136,0
2021-03-10,-0.1235,0.012,1642.9,1940.3,2070.6,0.0,20000
2021-03-13,NaN,NaN,NaN,NaN,NaN,1.0,0
2021-03-13,NaN,NaN,NaN,NaN,NaN,1.0,0
2021-03-15,NaN,NaN,NaN,NaN,NaN,0.9986,0
2021-03-15,NaN,NaN,NaN,NaN,NaN,0.9903,0
2021-03-18,NaN,NaN,NaN,NaN,NaN,0.9908,0
2021-03-18,-0.1106,0.0039,1563.0,1826.5,1917.1,0.0,20000
2021-03-20,NaN,NaN,NaN,NaN,NaN,1.0,0
2021-03-20,NaN,NaN,NaN,NaN,NaN,1.0,0
2021-03-23,NaN,NaN,NaN,NaN,NaN,0.8469,0
2021-03-23,-0.099,0.0127,1530.9,1758.0,1831.7,0.6304,20000
2021-03-25,NaN,NaN,NaN,NaN,NaN,1.0,0
2021-03-25,-0.0891,0.003,3005.6,3256.8,3366.2,0.0,20000
2021-03-28,NaN,NaN,NaN,NaN,NaN,0.815,0
2021-03-28,-0.3162,0.0154,1019.1,1361.7,1534.2,0.0055,20000
2021-03-30,-0.1249,0.465,2130.1,2346.6,2526.5,0.4705,20000
2021-03-30,-0.0634,0.0091,2428.4,2632.7,2697.7,0.7492,20000
2021-04-02,NaN,NaN,NaN,NaN,NaN,0.9983,0
2021-04-02,-0.1708,0.0056,1470.7,1816.8,1983.3,0.0,20000
2021-04-04,NaN,NaN,NaN,NaN,NaN,1.0,0
2021-04-04,NaN,NaN,NaN,NaN,NaN,1.0,0
2021-04-07,-0.0847,0.0109,2917.1,3105.9,3226.5,0.3283,20000
2021-04-07,NaN,NaN,NaN,NaN,NaN,0.9053,0
2021-04-09,NaN,NaN,NaN,NaN,NaN,0.9999,0
2021-04-09,NaN,NaN,NaN,NaN,NaN,1.0,0
2021-04-12,NaN,NaN,NaN,NaN,NaN,1.0,0
2021-04-12,NaN,NaN,NaN,NaN,NaN,0.9991,0
2021-04-14,NaN,NaN,NaN,NaN,NaN,0.9999,0
2021-04-14,NaN,NaN,NaN,NaN,NaN,0.9947,0
2021-04-17,NaN,NaN,NaN,NaN,NaN,1.0,0
2021-04-17,NaN,NaN,NaN,NaN,NaN,1.0,0
2021-04-19,NaN,NaN,NaN,NaN,NaN,0.865,0
2021-04-19,-0.0906,0.0,2174.3,2460.2,2567.2,0.1021,20000
2021-04-22,NaN,NaN,NaN,NaN,NaN,1.0,0
2021-04-22,NaN,NaN,NaN,NaN,NaN,1.0,0
2021-04-24,NaN,NaN,NaN,NaN,NaN,1.0,0
2021-04-24,-0.002,0.0,6070.0,6213.3,6010.5,0.0,20000
2021-04-27,NaN,NaN,NaN,NaN,NaN,1.0,0
2021-04-27,NaN,NaN,NaN,NaN,NaN,0.995,0
2021-04-29,0.0344,0.0023,7855.5,7668.4,7223.4,0.7251,20000
2021-04-29,NaN,NaN,NaN,NaN,NaN,0.9193,0
2021-05-02,NaN,NaN,NaN,NaN,NaN,0.9771,0
2021-05-02,NaN,NaN,NaN,NaN,NaN,0.9982,0
2021-05-04,NaN,NaN,NaN,NaN,NaN,0.9882,0
2021-05-04,NaN,NaN,NaN,NaN,NaN,0.8228,0
2021-05-07,-0.0557,0.0031,4052.2,4225.6,4165.0,0.3463,20000
2021-05-07,0.0197,0.0006,5021.0,5003.1,4767.8,0.7403,20000
2021-05-09,-0.0193,0.129,4195.1,4232.9,4164.4,0.5925,20000
2021-05-09,NaN,NaN,NaN,NaN,NaN,0.9149,0
2021-05-12,NaN,NaN,NaN,NaN,NaN,0.9438,0
2021-05-12,NaN,NaN,NaN,NaN,NaN,0.9021,0
2021-05-14,NaN,NaN,NaN,NaN,NaN,0.925,0
2021-05-14,NaN,NaN,NaN,NaN,NaN,0.9516,0
2021-05-17,-0.0922,1.4356,2146.0,2298.8,2335.8,0.0844,20000
2021-05-17,-0.0808,0.0007,2023.5,2285.5,2284.7,0.1412,20000
2021-05-19,NaN,NaN,NaN,NaN,NaN,0.8576,0
2021-05-19,-0.0168,0.0,3387.8,3492.1,3450.8,0.7955,20000
2021-05-22,-0.0448,0.0785,1921.4,2009.1,2013.2,0.4587,20000
2021-05-22,-0.0716,0.0014,1467.7,1642.4,1663.3,0.1205,20000
2021-05-24,-0.0115,1.1645,3182.1,3222.6,3202.3,0.492,20000
2021-05-24,NaN,NaN,NaN,NaN,NaN,0.809,0
2021-05-27,NaN,NaN,NaN,NaN,NaN,1.0,0
2021-05-27,NaN,NaN,NaN,NaN,NaN,1.0,0
2021-05-29,0.0766,0.3063,10492.4,10312.6,9030.4,0.0232,20000
2021-05-29,0.064,0.0,9956.0,9817.0,8764.1,0.0,20000
2021-06-01,0.0852,0.7182,7637.4,7483.4,6409.1,0.1622,20000
2021-06-01,0.0877,0.0114,7830.3,7562.1,6561.0,0.3599,20000
2021-06-03,-0.0137,1.433,3510.7,3560.8,3332.2,0.1662,20000
2021-06-03,-0.0105,0.0002,4867.0,5005.7,4586.3,0.0,20000
2021-06-06,-0.0369,0.6192,4399.8,4481.6,4476.3,0.7634,20000
2021-06-06,NaN,NaN,NaN,NaN,NaN,0.9373,0
2021-06-08,0.01,1.3214,3674.3,3706.1,3611.2,0.5207,20000
2021-06-08,NaN,NaN,NaN,NaN,NaN,0.8602,0
2021-06-11,-0.0705,0.079,3890.9,4075.6,4207.1,0.6678,20000
2021-06-11,-0.0095,0.0014,3704.7,3781.4,3670.0,0.6233,20000
2021-06-13,-0.0061,0.0,6536.1,6625.6,6599.2,0.7014,20000
2021-06-13,NaN,NaN,NaN,NaN,NaN,0.9741,0
2021-06-16,NaN,NaN,NaN,NaN,NaN,1.0,0
2021-06-16,NaN,NaN,NaN,NaN,NaN,1.0,0
2021-06-16,NaN,NaN,NaN,NaN,NaN,1.0,0
2021-06-16,NaN,NaN,NaN,NaN,NaN,1.0,0
2021-06-18,NaN,NaN,NaN,NaN,NaN,0.9321,0
2021-06-18,NaN,NaN,NaN,NaN,NaN,0.9348,0
2021-06-21,-0.059,0.7216,3072.5,3189.3,3280.5,0.6314,20000
2021-06-21,NaN,NaN,NaN,NaN,NaN,0.9501,0
2021-06-23,-0.0191,0.8771,3531.7,3545.3,3595.0,0.5023,20000
2021-06-23,NaN,NaN,NaN,NaN,NaN,0.9823,0
2021-06-26,NaN,NaN,NaN,NaN,NaN,0.95,0
2021-06-26,NaN,NaN,NaN,NaN,NaN,0.9944,0
2021-06-28,NaN,NaN,NaN,NaN,NaN,1.0,0
2021-06-28,NaN,NaN,NaN,NaN,NaN,1.0,0
2021-07-01,-0.021,0.0,5366.8,5486.7,5499.7,0.7982,20000
2021-07-01,NaN,NaN,NaN,NaN,NaN,0.9749,0
2021-07-03,0.0045,0.0,7521.2,7563.3,7452.9,0.6947,20000
2021-07-03,0.0347,0.0,8005.3,7826.0,7473.5,0.7341,20000
2021-07-06,NaN,NaN,NaN,NaN,NaN,1.0,0
2021-07-06,NaN,NaN,NaN,NaN,NaN,1.0,0
2021-07-08,NaN,NaN,NaN,NaN,NaN,0.9969,0
2021-07-08,NaN,NaN,NaN,NaN,NaN,1.0,0
2021-07-11,NaN,NaN,NaN,NaN,NaN,0.996,0
2021-07-11,NaN,NaN,NaN,NaN,NaN,0.9979,0
2021-07-13,NaN,NaN,NaN,NaN,NaN,1.0,0
2021-07-13,NaN,NaN,NaN,NaN,NaN,1.0,0
2021-07-16,-0.047,0.7083,3990.5,4109.7,4222.2,0.6961,20000
2021-07-16,NaN,NaN,NaN,NaN,NaN,0.94,0
2021-07-18,NaN,NaN,NaN,NaN,NaN,1.0,0
2021-07-18,NaN,NaN,NaN,NaN,NaN,1.0,0
2021-07-21,NaN,NaN,NaN,NaN,NaN,1.0,0
2021-07-21,NaN,NaN,NaN,NaN,NaN,0.9817,0
2021-07-23,-0.0415,1.2744,2576.2,2637.5,2776.8,0.308,20000
2021-07-23,-0.0286,0.0,3259.2,3432.7,3372.6,0.5499,20000
2021-07-26,NaN,NaN,NaN,NaN,NaN,0.9257,0
2021-07-26,NaN,NaN,NaN,NaN,NaN,0.9269,0
2021-07-28,NaN,NaN,NaN,NaN,NaN,0.9977,0
2021-07-28,NaN,NaN,NaN,NaN,NaN,0.974,0
2021-07-31,-0.1182,0.1986,2499.2,2610.7,2728.3,0.6204,20000
2021-07-31,NaN,NaN,NaN,NaN,NaN,0.9385,0
2021-08-02,-0.0529,0.9124,2745.9,2891.5,3033.1,0.7142,20000
2021-08-02,0.0163,0.0,5234.3,5198.4,5003.5,0.7511,20000
2021-08-05,NaN,NaN,NaN,NaN,NaN,1.0,0
2021-08-05,NaN,NaN,NaN,NaN,NaN,1.0,0
2021-08-07,NaN,NaN,NaN,NaN,NaN,0.8295,0
2021-08-07,0.0032,0.0,5809.0,5780.8,5644.2,0.6551,20000
2021-08-10,-0.061,1.3164,2370.7,2456.7,2643.5,0.4316,20000
2021-08-10,-0.0104,0.0004,3767.8,3817.4,3720.2,0.7303,20000
2021-08-12,-0.1023,0.4456,2602.9,2780.2,3047.5,0.6237,20000
2021-08-12,0.0209,0.0,5773.2,5722.8,5481.2,0.7138,20000
2021-08-15,NaN,NaN,NaN,NaN,NaN,0.81,0
2021-08-15,0.0395,0.0,6639.7,6450.0,6134.4,0.6342,20000
2021-08-17,NaN,NaN,NaN,NaN,NaN,0.9134,0
2021-08-17,NaN,NaN,NaN,NaN,NaN,0.8894,0
2021-08-20,NaN,NaN,NaN,NaN,NaN,0.8627,0
2021-08-20,NaN,NaN,NaN,NaN,NaN,1.0,0
2021-08-22,NaN,NaN,NaN,NaN,NaN,1.0,0
2021-08-22,NaN,NaN,NaN,NaN,NaN,1.0,0
2021-08-25,NaN,NaN,NaN,NaN,NaN,0.8573,0
2021-08-25,NaN,NaN,NaN,NaN,NaN,0.994,0
2021-08-27,NaN,NaN,NaN,NaN,NaN,0.8005,0
2021-08-27,NaN,NaN,NaN,NaN,NaN,1.0,0
2021-08-30,-0.0574,1.3283,3362.6,3460.7,3533.6,0.6336,20000
2021-08-30,NaN,NaN,NaN,NaN,NaN,0.9902,0
2021-09-01,-0.0545,1.3702,2344.3,2403.3,2547.3,0.2992,20000
2021-09-01,0.0226,0.0,5325.1,5274.5,5065.6,0.7823,20000
2021-09-04,-0.0962,1.0474,2563.2,2639.4,2795.8,0.3571,20000
2021-09-04,NaN,NaN,NaN,NaN,NaN,0.8823,0
2021-09-06,0.0144,0.0484,4277.4,4282.1,4121.2,0.7918,20000
2021-09-06,NaN,NaN,NaN,NaN,NaN,0.8768,0
2021-09-09,NaN,NaN,NaN,NaN,NaN,1.0,0
2021-09-09,NaN,NaN,NaN,NaN,NaN,1.0,0
2021-09-11,-0.039,0.7049,2498.7,2550.7,2603.3,0.5034,20000
2021-09-11,0.0161,0.0,5430.5,5427.9,5123.5,0.3236,20000
2021-09-14,NaN,NaN,NaN,NaN,NaN,0.9933,0
2021-09-14,NaN,NaN,NaN,NaN,NaN,1.0,0
2021-09-16,NaN,NaN,NaN,NaN,NaN,0.9966,0
2021-09-16,NaN,NaN,NaN,NaN,NaN,1.0,0
2021-09-19,NaN,NaN,NaN,NaN,NaN,0.871,0
2021-09-19,-0.1229,0.0003,1649.8,1914.7,2010.3,0.0,20000
2021-09-21,-0.0438,0.9812,2298.1,2392.0,2452.2,0.2561,20000
2021-09-21,-0.0412,0.0062,2932.1,3089.4,3016.2,0.4606,20000
2021-09-24,-0.0548,1.4287,1951.4,2069.2,2180.8,0.1742,20000
2021-09-24,NaN,NaN,NaN,NaN,NaN,0.8116,0
2021-09-26,NaN,NaN,NaN,NaN,NaN,0.8171,0
2021-09-26,NaN,NaN,NaN,NaN,NaN,1.0,0
2021-09-29,-0.0006,1.2086,4757.9,4741.0,4675.8,0.6466,20000
2021-09-29,NaN,NaN,NaN,NaN,NaN,0.9928,0
2021-10-01,-0.0144,0.5635,2574.2,2635.3,2594.0,0.4627,20000
2021-10-01,-0.0152,0.0006,3565.9,3682.2,3545.9,0.6953,20000
2021-10-04,-0.0392,1.3507,2095.4,2192.9,2221.5,0.2047,20000
2021-10-04,-0.0029,0.0,4327.7,4375.4,4239.8,0.7917,20000
2021-10-06,-0.0579,1.4746,1613.7,1724.1,1804.9,0.0613,20000
2021-10-06,-0.0808,0.0027,1714.7,1925.7,1964.9,0.1177,20000
2021-10-09,-0.0662,1.4334,1612.7,1747.5,1821.4,0.1137,20000
2021-10-09,-0.0304,0.0,3317.5,3475.1,3406.2,0.7072,20000
2021-10-11,-0.054,1.4693,1628.8,1753.1,1812.7,0.0544,20000
2021-10-11,-0.1136,0.0017,1552.3,1831.2,1925.6,0.0,20000
2021-10-14,-0.062,1.45,1643.9,1792.5,1841.2,0.1015,20000
2021-10-14,-0.0643,0.0002,2603.6,2840.1,2852.2,0.5086,20000
2021-10-16,0.0108,0.1769,4311.2,4258.1,4142.2,0.757,20000
2021-10-16,-0.0297,0.0,2940.8,3041.3,2948.6,0.5732,20000
2021-10-19,NaN,NaN,NaN,NaN,NaN,1.0,0
2021-10-19,NaN,NaN,NaN,NaN,NaN,1.0,0
2021-10-21,0.1471,1.6374,10513.2,9948.8,8490.7,0.7503,20000
2021-10-21,NaN,NaN,NaN,NaN,NaN,0.9443,0
2021-10-24,NaN,NaN,NaN,NaN,NaN,0.8473,0
2021-10-24,0.0408,0.0014,7432.2,7442.7,6701.9,0.0,20000
2021-10-26,0.1431,1.7358,8668.1,8185.4,7030.0,0.7888,20000
2021-10-26,NaN,NaN,NaN,NaN,NaN,0.9401,0
2021-10-29,NaN,NaN,NaN,NaN,NaN,0.8502,0
2021-10-29,-0.0013,0.0028,4994.7,5096.9,4725.7,0.0,20000
2021-10-31,0.131,1.6352,7315.9,7005.0,6014.5,0.7656,20000
2021-10-31,-0.0171,0.0031,4268.2,4407.4,4136.6,0.0,20000
2021-11-03,NaN,NaN,NaN,NaN,NaN,0.8853,0
2021-11-03,-0.0366,0.0044,3504.2,3669.1,3508.0,0.0,20000
2021-11-05,NaN,NaN,NaN,NaN,NaN,0.8862,0
2021-11-05,-0.0413,0.0032,3449.2,3614.1,3513.1,0.0,20000
2021-11-08,0.053,1.4952,5072.1,5093.2,4683.3,0.0069,20000
2021-11-08,-0.0555,0.0067,2817.3,2996.9,2917.3,0.0,20000
2021-11-10,NaN,NaN,NaN,NaN,NaN,0.8753,0
2021-11-10,-0.0758,0.0056,2601.9,2816.8,2788.7,0.0,20000
2021-11-13,NaN,NaN,NaN,NaN,NaN,0.8322,0
2021-11-13,-0.0745,0.0092,2206.7,2404.9,2383.2,0.0,20000
2021-11-15,NaN,NaN,NaN,NaN,NaN,0.8959,0
2021-11-15,-0.0844,0.009,2207.3,2421.3,2450.8,0.0,20000
2021-11-18,0.018,1.5856,3267.8,3339.8,3133.8,0.0,20000
2021-11-18,-0.084,0.0144,1959.6,2168.3,2171.9,0.0,20000
2021-11-20,0.025,1.479,3228.6,3285.4,3060.4,0.1506,20000
2021-11-20,-0.0859,0.0169,1894.0,2106.1,2103.4,0.2491,20000
2021-11-23,NaN,NaN,NaN,NaN,NaN,0.8814,0
2021-11-23,-0.0985,0.0092,1812.7,2032.9,2070.8,0.0,20000
2021-11-25,-0.002,0.6439,2993.4,3085.4,2962.2,0.562,20000
2021-11-25,-0.0597,0.0103,2350.9,2568.2,2580.1,0.7289,20000
2021-11-28,NaN,NaN,NaN,NaN,NaN,0.8669,0
2021-11-28,-0.0935,0.0149,1774.0,1986.0,2023.6,0.0,20000
2021-11-30,NaN,NaN,NaN,NaN,NaN,0.8528,0
2021-11-30,-0.0883,0.0133,1872.0,2092.4,2130.6,0.0,20000
2021-12-03,0.0002,1.5077,2235.9,2308.4,2219.5,0.1525,20000
2021-12-03,-0.0858,0.0193,1679.2,1888.5,1898.3,0.0,20000
2021-12-05,-0.0196,1.6966,2188.8,2289.5,2290.0,0.0,20000
2021-12-05,-0.1026,0.016,1718.8,1955.1,2017.9,0.0,20000
2021-12-08,NaN,NaN,NaN,NaN,NaN,0.8627,0
2021-12-08,-0.0999,0.015,1577.9,1796.5,1860.1,0.0,20000
2021-12-10,NaN,NaN,NaN,NaN,NaN,0.8718,0
2021-12-10,-0.098,0.0179,1655.4,1883.7,1955.9,0.0,20000
2021-12-13,-0.0294,1.5993,1952.1,2083.4,2066.7,0.7617,20000
2021-12-13,-0.0946,0.0182,1538.0,1754.4,1802.1,0.0,20000
2021-12-15,-0.0387,1.6915,1943.5,2050.8,2095.2,0.0,20000
2021-12-15,-0.0959,0.0223,1636.0,1860.5,1934.7,0.0,20000
2021-12-18,-0.0453,1.6246,1794.0,1899.8,1934.9,0.0008,20000
2021-12-18,-0.0962,0.0219,1492.7,1705.4,1770.1,0.0,20000
2021-12-20,-0.0428,1.7071,1866.0,1976.4,2021.7,0.0,20000
2021-12-20,-0.0958,0.0217,1578.9,1806.4,1877.2,0.0,20000
2021-12-23,-0.0638,1.1036,2276.6,2398.1,2447.9,0.0,20000
2021-12-23,-0.091,0.0048,1575.6,1782.3,1840.1,0.0,20000
2021-12-25,NaN,NaN,NaN,NaN,NaN,0.8409,0
2021-12-25,NaN,NaN,NaN,NaN,NaN,1.0,0
2021-12-28,NaN,NaN,NaN,NaN,NaN,0.9987,0
2021-12-28,NaN,NaN,NaN,NaN,NaN,1.0,0
2021-12-30,NaN,NaN,NaN,NaN,NaN,0.9151,0
2021-12-30,NaN,NaN,NaN,NaN,NaN,0.9721,0
2022-01-02,NaN,NaN,NaN,NaN,NaN,0.9007,0
2022-01-02,NaN,NaN,NaN,NaN,NaN,0.9607,0
2022-01-04,0.0147,0.1854,7728.3,7761.6,7490.5,0.0314,20000
2022-01-04,0.0071,0.0023,7304.4,7394.7,7174.2,0.0,20000
2022-01-07,0.0384,0.0163,5747.6,5677.5,5307.9,0.225,20000
2022-01-07,0.0415,0.0007,7295.8,7205.8,6696.6,0.5135,20000
2022-01-09,NaN,NaN,NaN,NaN,NaN,0.8553,0
2022-01-09,NaN,NaN,NaN,NaN,NaN,0.8982,0
2022-01-12,NaN,NaN,NaN,NaN,NaN,0.9934,0
2022-01-12,NaN,NaN,NaN,NaN,NaN,1.0,0
2022-01-14,NaN,NaN,NaN,NaN,NaN,0.976,0
2022-01-14,NaN,NaN,NaN,NaN,NaN,0.9941,0
2022-01-17,NaN,NaN,NaN,NaN,NaN,0.9468,0
2022-01-17,NaN,NaN,NaN,NaN,NaN,0.9625,0
2022-01-22,NaN,NaN,NaN,NaN,NaN,0.9444,0
2022-01-22,NaN,NaN,NaN,NaN,NaN,0.9768,0
2022-01-24,NaN,NaN,NaN,NaN,NaN,0.9633,0
2022-01-24,NaN,NaN,NaN,NaN,NaN,0.973,0
2022-01-27,-0.0385,0.1387,4305.9,4463.7,4417.1,0.0018,20000
2022-01-27,-0.04,0.0179,2963.3,3133.0,3091.7,0.0,20000
2022-01-29,-0.0363,0.1716,4136.5,4287.9,4227.9,0.0377,20000
2022-01-29,-0.043,0.021,2837.9,3031.1,3003.7,0.0,20000
2022-02-01,-0.0574,0.0179,3969.1,4222.7,4354.8,0.6868,20000
2022-02-01,-0.0243,0.0,4192.0,4325.5,4354.1,0.4108,20000
2022-02-03,-0.1006,0.2138,3524.4,3705.6,3730.6,0.0,20000
2022-02-03,-0.0614,0.0263,2311.1,2516.5,2529.6,0.0,20000
2022-02-06,0.002,0.0484,7858.3,7952.7,7798.6,0.0,20000
2022-02-06,0.0017,0.0,7762.0,7882.4,7729.9,0.0,20000
2022-02-08,-0.0056,0.08,6184.0,6302.4,6148.3,0.0,20000
2022-02-08,-0.0081,0.0036,5430.8,5576.4,5434.5,0.0,20000
2022-02-11,-0.03,0.1142,4661.0,4814.1,4747.3,0.0,20000
2022-02-11,-0.0242,0.0088,3777.5,3948.2,3870.7,0.0,20000
2022-02-13,-0.0303,0.1772,4463.2,4611.5,4564.8,0.1075,20000
2022-02-13,-0.0302,0.0132,3550.5,3732.7,3688.8,0.0,20000
2022-02-16,-0.0379,0.2301,3757.4,3904.3,3874.4,0.0,20000
2022-02-16,-0.0433,0.0174,2691.9,2877.3,2847.1,0.0,20000
2022-02-18,-0.0875,0.4118,3827.2,4010.5,4012.6,0.0027,20000
2022-02-18,-0.0521,0.0179,2602.9,2813.1,2808.3,0.0,20000
2022-02-21,-0.0062,0.0093,7499.5,7580.6,7560.1,0.7535,20000
2022-02-21,NaN,NaN,NaN,NaN,NaN,0.9971,0
2022-02-23,-0.0274,0.5243,4173.8,4287.7,4238.4,0.0,20000
2022-02-23,-0.0292,0.0097,3792.1,3970.7,3942.1,0.0,20000
2022-02-26,-0.0442,0.7096,3401.2,3535.8,3503.1,0.0,20000
2022-02-26,-0.0595,0.014,2658.9,2867.2,2871.3,0.0,20000
2022-02-28,-0.0555,0.7374,3545.5,3709.2,3686.8,0.0444,20000
2022-02-28,-0.0437,0.0152,2756.7,2946.4,2937.0,0.1982,20000
2022-03-03,-0.0518,0.1218,3203.8,3352.9,3353.4,0.0,20000
2022-03-03,-0.0674,0.0133,2169.1,2383.7,2401.8,0.0,20000
2022-03-05,-0.0639,1.0025,3144.1,3291.6,3291.0,0.0428,20000
2022-03-05,-0.0702,0.0193,2216.0,2442.9,2481.0,0.0,20000
2022-03-08,-0.0451,1.3432,2749.0,2870.2,2836.4,0.0,20000
2022-03-08,-0.0875,0.0156,1883.2,2115.2,2166.9,0.0,20000
2022-03-10,-0.0466,1.4507,2844.2,2981.3,2941.1,0.0,20000
2022-03-10,-0.0878,0.0156,1976.3,2235.0,2290.3,0.0,20000
2022-03-13,-0.0451,0.7921,3122.9,3265.7,3215.0,0.1515,20000
2022-03-13,-0.0793,0.0109,2152.9,2396.6,2429.8,0.0733,20000
2022-03-15,0.0421,0.6487,5998.7,5806.4,5430.2,0.7355,20000
2022-03-15,NaN,NaN,NaN,NaN,NaN,0.9994,0
2022-03-18,-0.0625,1.4855,2449.9,2586.3,2558.8,0.0,20000
2022-03-18,-0.0894,0.013,1693.8,1932.9,1990.0,0.0,20000
2022-03-20,-0.1484,1.5985,2594.9,2825.0,2889.3,0.0425,20000
2022-03-20,-0.0742,0.0009,1944.5,2186.0,2234.3,0.2502,20000
2022-03-23,-0.2153,0.0359,3274.4,3495.5,3639.0,0.7286,20000
2022-03-23,NaN,NaN,NaN,NaN,NaN,1.0,0
2022-03-25,NaN,NaN,NaN,NaN,NaN,0.9655,0
2022-03-25,NaN,NaN,NaN,NaN,NaN,1.0,0
2022-03-28,-0.0906,1.407,2042.7,2205.8,2281.0,0.0,20000
2022-03-28,-0.1047,0.0026,1588.1,1845.6,1940.1,0.0,20000
2022-03-30,-0.0998,1.3619,2232.9,2425.6,2537.4,0.0,20000
2022-03-30,-0.1002,0.004,1883.3,2171.7,2280.8,0.0,20000
2022-04-02,-0.0955,1.3348,1962.7,2134.4,2213.8,0.0,20000
2022-04-02,-0.0994,0.0024,1590.2,1849.9,1926.5,0.0,20000
2022-04-04,-0.1031,0.3666,2150.9,2341.3,2500.2,0.0,20000
2022-04-04,-0.1051,0.001,1840.3,2127.4,2254.9,0.0,20000
2022-04-07,-0.0936,0.93,2073.3,2237.9,2341.1,0.145,20000
2022-04-07,-0.0658,0.0009,1959.2,2190.9,2232.8,0.5128,20000
2022-04-09,NaN,NaN,NaN,NaN,NaN,1.0,0
2022-04-09,NaN,NaN,NaN,NaN,NaN,1.0,0
2022-04-12,-0.1023,1.209,1852.5,2020.2,2137.2,0.0,20000
2022-04-12,-0.105,0.0001,1602.4,1875.0,1965.5,0.0,20000
2022-04-14,-0.1299,0.2967,2208.7,2426.3,2633.5,0.0,20000
2022-04-14,-0.1036,0.0003,1882.0,2178.0,2302.4,0.0,20000
2022-04-17,-0.1172,0.1338,2417.2,2630.2,2800.8,0.0124,20000
2022-04-17,-0.0952,0.0013,1789.9,2050.6,2153.3,0.1597,20000
2022-04-19,NaN,NaN,NaN,NaN,NaN,0.9858,0
2022-04-19,NaN,NaN,NaN,NaN,NaN,1.0,0
2022-04-22,-0.1157,0.1651,2290.4,2502.1,2658.9,0.3865,20000
2022-04-22,-0.0785,0.0003,2146.0,2409.4,2454.7,0.3216,20000
2022-04-24,-0.093,1.4729,2013.5,2187.6,2352.5,0.0,20000
2022-04-24,-0.1071,0.0045,1897.2,2202.4,2338.0,0.0,20000
2022-04-27,NaN,NaN,NaN,NaN,NaN,0.8815,0
2022-04-27,NaN,NaN,NaN,NaN,NaN,1.0,0
2022-04-29,-0.0545,0.4146,2805.6,2941.5,2995.0,0.427,20000
2022-04-29,NaN,NaN,NaN,NaN,NaN,1.0,0
2022-05-02,NaN,NaN,NaN,NaN,NaN,0.8723,0
2022-05-02,0.0194,0.0,6984.2,6926.1,6708.1,0.7757,20000
2022-05-04,NaN,NaN,NaN,NaN,NaN,0.9557,0
2022-05-04,NaN,NaN,NaN,NaN,NaN,1.0,0
2022-05-07,NaN,NaN,NaN,NaN,NaN,0.8618,0
2022-05-07,NaN,NaN,NaN,NaN,NaN,1.0,0
2022-05-09,NaN,NaN,NaN,NaN,NaN,1.0,0
2022-05-09,NaN,NaN,NaN,NaN,NaN,1.0,0
2022-05-12,-0.0714,0.696,2715.3,2857.5,2961.7,0.5336,20000
2022-05-12,NaN,NaN,NaN,NaN,NaN,0.9938,0
2022-05-14,-0.052,0.7802,2289.0,2415.2,2536.5,0.2304,20000
2022-05-14,-0.0662,0.0,2715.5,2978.2,3020.6,0.459,20000
2022-05-17,-0.1118,0.7686,2755.1,2907.7,3002.8,0.4765,20000
2022-05-17,-0.0571,0.0,2547.3,2772.4,2791.4,0.6639,20000
2022-05-19,NaN,NaN,NaN,NaN,NaN,0.8953,0
2022-05-19,NaN,NaN,NaN,NaN,NaN,1.0,0
2022-05-22,NaN,NaN,NaN,NaN,NaN,0.9537,0
2022-05-22,NaN,NaN,NaN,NaN,NaN,0.9912,0
2022-05-24,0.0106,0.3247,4011.9,3984.6,3957.8,0.7692,20000
2022-05-24,NaN,NaN,NaN,NaN,NaN,1.0,0
2022-05-27,NaN,NaN,NaN,NaN,NaN,1.0,0
2022-05-27,NaN,NaN,NaN,NaN,NaN,1.0,0
2022-05-29,0.0085,0.425,4401.5,4479.7,4267.0,0.2755,20000
2022-05-29,0.0287,0.0002,6766.9,6837.6,6254.2,0.1847,20000
2022-06-01,-0.0874,0.3534,2458.5,2583.2,2683.4,0.4796,20000
2022-06-01,NaN,NaN,NaN,NaN,NaN,1.0,0
2022-06-03,-0.061,0.7608,2112.6,2257.7,2420.4,0.1956,20000
2022-06-03,-0.0627,0.0003,2591.1,2847.9,2895.4,0.5081,20000
2022-06-06,NaN,NaN,NaN,NaN,NaN,0.9471,0
2022-06-06,NaN,NaN,NaN,NaN,NaN,1.0,0
2022-06-08,NaN,NaN,NaN,NaN,NaN,0.9029,0
2022-06-08,NaN,NaN,NaN,NaN,NaN,0.9985,0
2022-06-11,-0.0965,0.0912,2699.1,2815.3,2942.2,0.5289,20000
2022-06-11,NaN,NaN,NaN,NaN,NaN,0.9352,0
2022-06-13,NaN,NaN,NaN,NaN,NaN,0.875,0
2022-06-13,NaN,NaN,NaN,NaN,NaN,1.0,0
2022-06-16,NaN,NaN,NaN,NaN,NaN,1.0,0
2022-06-16,NaN,NaN,NaN,NaN,NaN,1.0,0
2022-06-18,NaN,NaN,NaN,NaN,NaN,1.0,0
2022-06-18,NaN,NaN,NaN,NaN,NaN,1.0,0
2022-06-21,NaN,NaN,NaN,NaN,NaN,1.0,0
2022-06-21,NaN,NaN,NaN,NaN,NaN,1.0,0
2022-06-23,-0.0805,0.4805,2286.5,2428.7,2652.6,0.2843,20000
2022-06-23,-0.0414,0.0,3323.6,3514.7,3522.4,0.677,20000
2022-06-26,NaN,NaN,NaN,NaN,NaN,1.0,0
2022-06-26,NaN,NaN,NaN,NaN,NaN,1.0,0
2022-06-28,NaN,NaN,NaN,NaN,NaN,1.0,0
2022-06-28,NaN,NaN,NaN,NaN,NaN,1.0,0
2022-07-01,NaN,NaN,NaN,NaN,NaN,1.0,0
2022-07-01,NaN,NaN,NaN,NaN,NaN,1.0,0
2022-07-03,NaN,NaN,NaN,NaN,NaN,1.0,0
2022-07-03,NaN,NaN,NaN,NaN,NaN,1.0,0
2022-07-06,-0.1331,0.0679,1948.6,2048.9,2270.6,0.3516,20000
2022-07-06,-0.0587,0.0,2519.3,2725.6,2750.9,0.7841,20000
2022-07-08,-0.0737,0.4173,2266.1,2370.9,2612.7,0.387,20000
2022-07-08,-0.0364,0.0002,4374.0,4526.4,4473.5,0.619,20000
2022-07-11,-0.099,0.4229,2860.5,2957.8,3138.4,0.4972,20000
2022-07-11,NaN,NaN,NaN,NaN,NaN,0.8467,0
2022-07-13,-0.0189,0.0025,2865.8,2901.3,2930.0,0.6219,20000
2022-07-13,NaN,NaN,NaN,NaN,NaN,0.9109,0
2022-07-16,-0.1232,0.3058,2029.8,2136.8,2341.7,0.2195,20000
2022-07-16,-0.0433,0.0002,2248.2,2429.1,2432.2,0.7491,20000
2022-07-18,NaN,NaN,NaN,NaN,NaN,1.0,0
2022-07-18,NaN,NaN,NaN,NaN,NaN,1.0,0
2022-07-21,NaN,NaN,NaN,NaN,NaN,1.0,0
2022-07-21,NaN,NaN,NaN,NaN,NaN,1.0,0
2022-07-23,NaN,NaN,NaN,NaN,NaN,1.0,0
2022-07-23,NaN,NaN,NaN,NaN,NaN,1.0,0
2022-07-26,NaN,NaN,NaN,NaN,NaN,0.9999,0
2022-07-26,NaN,NaN,NaN,NaN,NaN,1.0,0
2022-07-28,NaN,NaN,NaN,NaN,NaN,1.0,0
2022-07-28,NaN,NaN,NaN,NaN,NaN,1.0,0
2022-07-31,NaN,NaN,NaN,NaN,NaN,1.0,0
2022-07-31,NaN,NaN,NaN,NaN,NaN,1.0,0
2022-08-02,NaN,NaN,NaN,NaN,NaN,1.0,0
2022-08-02,NaN,NaN,NaN,NaN,NaN,1.0,0
2022-08-05,NaN,NaN,NaN,NaN,NaN,0.9899,0
2022-08-05,NaN,NaN,NaN,NaN,NaN,1.0,0
2022-08-07,NaN,NaN,NaN,NaN,NaN,0.8475,0
2022-08-07,-0.0221,0.0,3830.8,3900.3,3849.8,0.7083,20000
2022-08-10,NaN,NaN,NaN,NaN,NaN,0.8962,0
2022-08-10,NaN,NaN,NaN,NaN,NaN,1.0,0
2022-08-12,-0.0762,0.7119,1928.4,2039.9,2270.2,0.2555,20000
2022-08-12,-0.1046,0.0,1817.7,2124.7,2233.7,0.0893,20000
2022-08-15,NaN,NaN,NaN,NaN,NaN,1.0,0
2022-08-15,NaN,NaN,NaN,NaN,NaN,1.0,0
2022-08-17,-0.0029,0.4635,3059.5,3078.3,3039.9,0.5655,20000
2022-08-17,NaN,NaN,NaN,NaN,NaN,1.0,0
2022-08-20,NaN,NaN,NaN,NaN,NaN,1.0,0
2022-08-20,NaN,NaN,NaN,NaN,NaN,0.8769,0
2022-08-22,NaN,NaN,NaN,NaN,NaN,1.0,0
2022-08-22,NaN,NaN,NaN,NaN,NaN,1.0,0
2022-08-25,-0.0996,0.8451,1525.7,1619.5,1819.6,0.0443,20000
2022-08-25,-0.1018,0.0,1483.2,1746.4,1818.6,0.0,20000
2022-08-27,NaN,NaN,NaN,NaN,NaN,0.9211,0
2022-08-27,NaN,NaN,NaN,NaN,NaN,1.0,0
2022-08-30,-0.022,0.9153,2921.6,3017.9,3058.7,0.7344,20000
2022-08-30,NaN,NaN,NaN,NaN,NaN,1.0,0
2022-09-01,NaN,NaN,NaN,NaN,NaN,1.0,0
2022-09-01,NaN,NaN,NaN,NaN,NaN,1.0,0
2022-09-04,NaN,NaN,NaN,NaN,NaN,1.0,0
2022-09-04,NaN,NaN,NaN,NaN,NaN,1.0,0
2022-09-06,NaN,NaN,NaN,NaN,NaN,0.9969,0
2022-09-06,NaN,NaN,NaN,NaN,NaN,0.9842,0
2022-09-09,0.0451,0.4653,8122.1,8177.0,7455.7,0.4218,20000
2022-09-09,0.0692,0.0,10601.8,10386.3,9235.2,0.7201,20000
2022-09-11,NaN,NaN,NaN,NaN,NaN,0.9402,0
2022-09-11,NaN,NaN,NaN,NaN,NaN,1.0,0
2022-09-14,NaN,NaN,NaN,NaN,NaN,1.0,0
2022-09-14,NaN,NaN,NaN,NaN,NaN,1.0,0
2022-09-16,0.0318,1.1432,3827.3,3798.4,3590.0,0.7589,20000
2022-09-16,NaN,NaN,NaN,NaN,NaN,1.0,0
2022-09-19,NaN,NaN,NaN,NaN,NaN,0.998,0
2022-09-19,NaN,NaN,NaN,NaN,NaN,0.9991,0
2022-09-21,0.01,1.031,3511.6,3516.5,3460.0,0.625,20000
2022-09-21,NaN,NaN,NaN,NaN,NaN,1.0,0
2022-09-24,-0.0519,1.0909,2895.0,2995.6,3050.7,0.5985,20000
2022-09-24,NaN,NaN,NaN,NaN,NaN,1.0,0
2022-09-26,NaN,NaN,NaN,NaN,NaN,1.0,0
2022-09-26,NaN,NaN,NaN,NaN,NaN,0.891,0
2022-09-29,-0.0593,1.0017,1942.0,2091.3,2165.1,0.3642,20000
2022-09-29,NaN,NaN,NaN,NaN,NaN,0.902,0
2022-10-01,-0.0317,1.3228,2179.5,2292.2,2307.3,0.336,20000
2022-10-01,NaN,NaN,NaN,NaN,NaN,0.8897,0
2022-10-04,NaN,NaN,NaN,NaN,NaN,0.9999,0
2022-10-04,NaN,NaN,NaN,NaN,NaN,1.0,0
2022-10-06,NaN,NaN,NaN,NaN,NaN,1.0,0
2022-10-06,NaN,NaN,NaN,NaN,NaN,1.0,0
2022-10-09,-0.0394,1.3271,2041.4,2169.7,2189.7,0.3591,20000
2022-10-09,NaN,NaN,NaN,NaN,NaN,0.9965,0
2022-10-11,-0.0602,1.4324,2329.3,2460.6,2512.7,0.3514,20000
2022-10-11,-0.0596,0.0,2473.3,2683.9,2710.8,0.5508,20000
2022-10-14,-0.01,1.4977,2589.6,2672.8,2643.1,0.0,20000
2022-10-14,-0.0713,0.0001,2214.4,2411.8,2446.5,0.0,20000
2022-10-16,-0.0383,1.4929,2091.8,2213.0,2253.3,0.0,20000
2022-10-16,-0.1053,0.0002,1681.7,1937.3,2035.2,0.0,20000
2022-10-19,-0.0465,1.5044,1780.8,1909.5,1951.6,0.0,20000
2022-10-19,-0.1094,0.0002,1464.9,1713.1,1801.4,0.0,20000
2022-10-21,-0.049,1.5039,1801.9,1939.6,2012.7,0.0033,20000
2022-10-21,-0.1149,0.001,1533.1,1796.5,1911.6,0.0,20000
2022-10-24,-0.0478,1.4086,1570.1,1656.5,1700.2,0.002,20000
2022-10-24,-0.0925,0.0,996.6,1140.8,1189.7,0.0,20000
2022-10-26,-0.0601,1.4718,1733.6,1879.7,1954.8,0.0083,20000
2022-10-26,-0.1127,0.0012,1497.4,1753.1,1865.0,0.0,20000
2022-10-29,-0.057,1.5273,1559.3,1693.1,1747.1,0.0,20000
2022-10-29,-0.1266,0.002,1301.3,1559.1,1664.1,0.0,20000
2022-10-31,-0.0558,1.5393,1661.4,1797.7,1876.4,0.0,20000
2022-10-31,-0.1157,0.0023,1502.9,1764.6,1883.4,0.0,20000
2022-11-03,-0.0551,1.5493,1529.8,1651.7,1702.2,0.0027,20000
2022-11-03,-0.1166,0.0059,1320.5,1563.4,1658.1,0.0,20000
2022-11-05,-0.0551,1.5529,1620.2,1753.6,1816.3,0.0,20000
2022-11-05,-0.1118,0.0058,1430.9,1684.8,1779.4,0.0,20000
2022-11-10,-0.0667,1.4785,1689.9,1826.6,1916.0,0.0,20000
2022-11-10,-0.1143,0.0055,1485.9,1740.1,1857.0,0.0,20000
2022-11-13,-0.0831,1.5046,1492.6,1627.9,1704.4,0.0,20000
2022-11-13,-0.1132,0.0085,1334.5,1568.2,1662.3,0.0,20000
2022-11-15,-0.0715,1.5052,1596.0,1737.1,1814.8,0.0007,20000
2022-11-15,-0.122,0.0099,1387.9,1649.1,1752.9,0.0,20000
2022-11-18,-0.0938,1.5051,1495.7,1630.4,1706.5,0.0,20000
2022-11-18,-0.1177,0.0083,1284.2,1522.6,1614.4,0.0,20000
2022-11-20,-0.0653,1.5744,1608.1,1732.9,1806.8,0.0,20000
2022-11-20,-0.1162,0.0107,1385.9,1636.0,1739.1,0.0,20000
2022-11-23,-0.0704,1.529,1497.5,1616.3,1677.3,0.0,20000
2022-11-23,-0.1161,0.0106,1267.7,1502.4,1593.4,0.0,20000
2022-11-25,-0.0675,1.5697,1579.8,1710.3,1775.1,0.0,20000
2022-11-25,-0.1167,0.0103,1355.6,1607.5,1701.7,0.0,20000
2022-11-28,-0.0696,1.5719,1486.1,1603.8,1656.8,0.0,20000
2022-11-28,-0.1138,0.0111,1254.4,1486.5,1568.7,0.0,20000
2022-11-30,-0.069,1.5656,1607.2,1730.1,1808.0,0.0,20000
2022-11-30,-0.1163,0.0115,1366.8,1612.6,1717.4,0.0,20000
2022-12-03,-0.0716,1.5825,1500.0,1608.5,1667.0,0.0,20000
2022-12-03,-0.1146,0.0114,1251.7,1477.8,1568.2,0.0,20000
2022-12-05,-0.0685,1.5524,1599.4,1724.8,1787.1,0.0,20000
2022-12-05,-0.1157,0.0109,1348.5,1595.7,1688.9,0.0,20000
2022-12-08,-0.0761,1.5906,1496.8,1612.0,1664.6,0.0,20000
2022-12-08,-0.1152,0.0119,1234.9,1464.0,1548.2,0.0,20000
2022-12-10,-0.0742,1.6222,1612.0,1731.9,1802.0,0.0,20000
2022-12-10,-0.1112,0.0176,1369.3,1606.0,1697.9,0.0,20000
2022-12-15,-0.081,1.5706,1597.9,1727.6,1797.2,0.0,20000
2022-12-15,-0.1132,0.0127,1381.1,1623.2,1716.2,0.0,20000
2022-12-18,-0.0872,1.563,1505.4,1627.5,1682.6,0.0,20000
2022-12-18,-0.1127,0.0132,1311.7,1537.6,1617.5,0.0,20000
2022-12-20,-0.0873,1.5695,1603.8,1739.0,1810.7,0.0,20000
2022-12-20,-0.1086,0.0152,1403.1,1641.0,1728.4,0.0,20000
2022-12-23,-0.0839,1.5902,1504.8,1620.3,1676.1,0.0,20000
2022-12-23,-0.1144,0.0149,1251.5,1475.5,1562.5,0.0,20000
2022-12-25,-0.0792,1.5719,1620.3,1748.6,1815.0,0.0,20000
2022-12-25,-0.1126,0.0132,1366.3,1608.0,1701.1,0.0,20000
2022-12-28,-0.1135,1.5488,1473.4,1613.0,1681.2,0.0,20000
2022-12-28,-0.1132,0.0157,1246.5,1471.3,1553.3,0.0,20000
2022-12-30,-0.1208,1.5285,1569.5,1724.4,1816.8,0.0,20000
2022-12-30,-0.1084,0.0191,1375.8,1612.8,1702.9,0.0,20000
2023-01-02,-0.116,1.5635,1479.8,1611.5,1683.1,0.0,20000
2023-01-02,-0.1146,0.0167,1245.5,1468.6,1555.6,0.0,20000
2023-01-04,-0.0685,0.8508,1884.0,2025.1,2075.3,0.1482,20000
2023-01-04,-0.1123,0.0131,1390.8,1634.5,1724.8,0.0,20000
2023-01-07,-0.0848,1.624,1541.9,1662.9,1707.8,0.0,20000
2023-01-07,-0.114,0.0183,1247.6,1474.2,1555.0,0.0,20000
2023-01-09,-0.079,1.6689,1691.9,1820.7,1884.7,0.0,20000
2023-01-09,-0.1159,0.0189,1374.2,1619.2,1720.9,0.0,20000
2023-01-12,-0.0739,1.5698,1610.1,1711.5,1741.1,0.0089,20000
2023-01-12,-0.1035,0.0196,1288.8,1506.3,1576.4,0.0,20000
2023-01-14,-0.0887,1.5932,1673.9,1809.7,1868.1,0.0,20000
2023-01-14,-0.1068,0.0154,1437.7,1681.5,1771.8,0.0,20000
2023-01-17,-0.0862,1.6268,1567.6,1685.1,1721.6,0.0,20000
2023-01-17,-0.1125,0.0175,1264.9,1490.3,1570.8,0.0,20000
2023-01-19,-0.0917,1.634,1684.6,1821.0,1884.8,0.0,20000
2023-01-19,-0.1094,0.0201,1407.0,1650.4,1742.0,0.0,20000
2023-01-22,-0.0817,1.6265,1555.4,1663.0,1695.3,0.0,20000
2023-01-22,-0.1166,0.017,1279.7,1513.1,1606.6,0.0,20000
2023-01-24,-0.08,1.6057,1662.1,1783.5,1826.8,0.0,20000
2023-01-24,-0.1069,0.0173,1292.0,1512.2,1580.9,0.0,20000
2023-01-27,-0.0665,1.5561,1554.0,1657.3,1670.6,0.0,20000
2023-01-27,-0.0925,0.0136,1216.5,1408.0,1454.7,0.0,20000
2023-01-29,-0.0757,1.6781,1734.0,1853.4,1904.1,0.0,20000
2023-01-29,-0.1064,0.0187,1446.9,1689.9,1778.8,0.0,20000
2023-02-01,-0.0899,1.6326,1605.1,1718.7,1768.0,0.0,20000
2023-02-01,-0.116,0.0152,1297.6,1529.2,1624.2,0.0,20000
2023-02-03,-0.0848,1.6252,1731.9,1867.1,1921.3,0.0,20000
2023-02-03,-0.1111,0.0171,1446.9,1700.0,1791.5,0.0,20000
2023-02-06,-0.0937,1.6129,1620.5,1741.2,1770.2,0.0,20000
2023-02-06,-0.1033,0.0172,1334.9,1560.0,1629.3,0.0,20000
2023-02-08,-0.1118,1.5485,1815.0,1960.5,2048.8,0.0,20000
2023-02-08,-0.1061,0.0166,1510.2,1754.6,1853.9,0.0,20000
2023-02-11,-0.0825,1.6163,1652.9,1766.5,1803.2,0.0,20000
2023-02-11,-0.1036,0.0164,1353.3,1581.7,1658.5,0.0,20000
2023-02-13,-0.1045,1.5613,1778.9,1932.5,2017.1,0.0,20000
2023-02-13,-0.1073,0.0148,1505.6,1756.8,1852.5,0.0,20000
2023-02-16,NaN,NaN,NaN,NaN,NaN,0.8513,0
2023-02-16,NaN,NaN,NaN,NaN,NaN,0.9285,0
2023-02-18,-0.0813,1.6231,1814.4,1947.4,2011.4,0.0,20000
2023-02-18,-0.1076,0.0163,1529.8,1785.9,1888.5,0.0,20000
2023-02-21,-0.09,1.6005,1669.3,1791.8,1837.8,0.0,20000
2023-02-21,-0.1067,0.0151,1384.9,1623.7,1706.6,0.0,20000
2023-02-23,-0.1214,1.5199,1863.5,2035.0,2137.7,0.0,20000
2023-02-23,-0.1048,0.0129,1562.8,1820.9,1915.3,0.0,20000
2023-02-26,-0.0425,0.0272,4208.1,4344.5,4385.4,0.0643,20000
2023-02-26,-0.0577,0.0001,2530.9,2721.7,2766.8,0.0,20000
2023-02-28,-0.0863,0.0538,3378.1,3534.2,3609.9,0.1894,20000
2023-02-28,-0.0224,0.0003,3920.6,3999.8,3998.1,0.782,20000
2023-03-03,-0.1249,0.5683,1921.6,2092.0,2212.5,0.0,20000
2023-03-03,-0.1086,0.0012,1453.1,1695.3,1790.7,0.0,20000
2023-03-05,-0.1165,1.397,1943.7,2111.1,2222.3,0.0,20000
2023-03-05,-0.1088,0.0098,1597.9,1865.2,1970.4,0.0,20000
2023-03-08,-0.1782,1.5432,1745.1,1935.6,2019.6,0.0067,20000
2023-03-08,-0.1141,0.0128,1488.3,1760.0,1842.7,0.0874,20000
2023-03-10,-0.0679,0.0252,3542.2,3711.8,3805.5,0.0,20000
2023-03-10,-0.0838,0.0022,2072.2,2318.7,2407.2,0.0,20000
2023-03-13,-0.1239,0.0117,3017.1,3229.4,3367.1,0.0,20000
2023-03-13,-0.0836,0.0,2209.8,2433.7,2497.3,0.0,20000
2023-03-15,-0.0023,0.0,8126.0,8219.4,8064.8,0.0893,20000
2023-03-15,-0.0141,0.0,7296.8,7477.7,7434.0,0.0,20000
2023-03-18,-0.0337,0.0053,4720.6,4845.7,4742.7,0.0508,20000
2023-03-18,-0.025,0.0,3150.3,3313.8,3249.8,0.0925,20000
2023-03-20,0.0162,0.0,8929.8,8968.7,8652.3,0.0284,20000
2023-03-20,0.0115,0.0,8950.4,9015.3,8740.0,0.0,20000
2023-03-23,0.0143,0.0,8113.7,8163.3,7768.6,0.0452,20000
2023-03-23,0.0107,0.0,6954.1,7050.1,6746.4,0.0,20000
2023-03-25,-0.0008,0.0017,6797.2,6848.5,6472.3,0.0082,20000
2023-03-25,-0.014,0.0014,4578.9,4727.2,4537.4,0.0,20000
2023-03-28,-0.022,0.0032,5813.1,5948.0,5740.6,0.0008,20000
2023-03-28,-0.0441,0.0012,3186.8,3376.1,3322.2,0.0,20000
2023-03-30,-0.0295,0.0359,6662.3,6635.5,6234.4,0.2131,20000
2023-03-30,-0.0206,0.0,3915.0,4029.1,3945.1,0.5596,20000
2023-04-02,-0.0076,0.0003,7171.0,7282.0,7140.6,0.0124,20000
2023-04-02,-0.0121,0.0001,5732.0,5867.0,5787.1,0.0,20000
2023-04-04,-0.0403,0.001,5813.9,5915.1,5695.3,0.0551,20000
2023-04-04,-0.0511,0.0,3144.5,3359.1,3329.6,0.0,20000
2023-04-07,-0.0384,0.003,4880.3,4995.5,4814.5,0.0434,20000
2023-04-07,-0.0667,0.0003,2487.3,2705.3,2698.5,0.0,20000
2023-04-09,-0.0106,0.0003,4870.6,4926.8,4723.6,0.0828,20000
2023-04-09,-0.0372,0.0,3184.2,3384.5,3369.7,0.0,20000
2023-04-12,-0.143,0.033,4533.3,4669.7,4584.1,0.0141,20000
2023-04-12,-0.0901,0.0003,2237.8,2486.2,2536.6,0.0,20000
2023-04-14,-0.0479,0.0234,3906.7,4067.1,3964.2,0.0372,20000
2023-04-14,-0.1008,0.0024,2362.5,2662.8,2733.2,0.0,20000
2023-04-17,-0.0506,0.004,5861.9,5984.9,5865.4,0.0219,20000
2023-04-17,-0.0418,0.0,3971.6,4136.2,4092.8,0.0248,20000
2023-04-19,-0.0706,0.0363,3131.4,3301.0,3324.8,0.0123,20000
2023-04-19,-0.0758,0.0009,2239.0,2495.1,2559.9,0.1591,20000
2023-04-22,0.0,0.0052,8479.6,8590.9,8436.6,0.0269,20000
2023-04-22,-0.003,0.0,7623.4,7736.3,7623.2,0.0119,20000
2023-04-24,0.0813,0.0,8844.2,8396.0,7500.5,0.778,20000
2023-04-24,0.0451,0.0,7913.1,7574.8,7209.4,0.649,20000
2023-04-27,-0.0408,0.0062,4907.7,5044.0,4906.2,0.0243,20000
2023-04-27,-0.0428,0.0,3193.8,3389.5,3343.5,0.0,20000
2023-04-29,-0.0097,0.0,4019.3,4103.6,4043.9,0.1844,20000
2023-04-29,NaN,NaN,NaN,NaN,NaN,0.8046,0
2023-05-02,NaN,NaN,NaN,NaN,NaN,1.0,0
2023-05-02,NaN,NaN,NaN,NaN,NaN,1.0,0
2023-05-04,NaN,NaN,NaN,NaN,NaN,1.0,0
2023-05-04,NaN,NaN,NaN,NaN,NaN,1.0,0
2023-05-07,-0.0837,0.0156,2889.3,3065.2,3084.7,0.0168,20000
2023-05-07,-0.0745,0.0,2139.6,2388.5,2422.4,0.1006,20000
2023-05-09,-0.1069,0.1507,2795.8,2991.2,3101.1,0.0302,20000
2023-05-09,-0.0931,0.0,2214.5,2507.2,2622.5,0.0,20000
2023-05-12,-0.097,1.5685,2532.2,2678.8,2655.0,0.1521,20000
2023-05-12,-0.0612,0.0011,2128.0,2342.1,2382.3,0.6876,20000
2023-05-14,NaN,NaN,NaN,NaN,NaN,0.89,0
2023-05-14,NaN,NaN,NaN,NaN,NaN,0.9033,0
2023-05-17,NaN,NaN,NaN,NaN,NaN,0.8065,0
2023-05-17,-0.0478,0.0,2606.9,2830.8,2803.3,0.6009,20000
2023-05-19,-0.0534,0.0025,3169.7,3308.5,3415.1,0.6533,20000
2023-05-19,NaN,NaN,NaN,NaN,NaN,0.837,0
2023-05-22,-0.1161,0.0573,2431.7,2598.9,2691.4,0.2469,20000
2023-05-22,-0.0972,0.0,1862.2,2145.0,2241.8,0.2889,20000
2023-05-24,-0.0483,1.2886,3477.3,3561.3,3543.7,0.317,20000
2023-05-24,NaN,NaN,NaN,NaN,NaN,0.9241,0
2023-05-27,NaN,NaN,NaN,NaN,NaN,1.0,0
2023-05-27,NaN,NaN,NaN,NaN,NaN,1.0,0
2023-05-29,-0.0962,1.429,2160.4,2329.9,2495.3,0.0,20000
2023-05-29,-0.0995,0.0,2029.6,2352.3,2464.0,0.0,20000
2023-06-01,-0.0106,1.1876,2694.3,2769.4,2708.9,0.4018,20000
2023-06-01,NaN,NaN,NaN,NaN,NaN,0.9696,0
2023-06-03,-0.0665,1.4602,2050.8,2215.2,2370.8,0.0109,20000
2023-06-03,-0.0926,0.0002,2100.4,2419.4,2520.0,0.0045,20000
2023-06-06,-0.0605,0.819,2567.1,2648.8,2669.4,0.2909,20000
2023-06-06,-0.0289,0.0,3343.8,3466.8,3434.4,0.3458,20000
2023-06-08,-0.0451,0.6665,2427.6,2594.5,2688.6,0.2847,20000
2023-06-08,-0.0953,0.0,2116.3,2424.7,2556.7,0.3855,20000
2023-06-11,-0.0308,0.0692,3257.4,3317.8,3304.0,0.7179,20000
2023-06-11,NaN,NaN,NaN,NaN,NaN,1.0,0
2023-06-13,NaN,NaN,NaN,NaN,NaN,0.9998,0
2023-06-13,NaN,NaN,NaN,NaN,NaN,1.0,0
2023-06-16,NaN,NaN,NaN,NaN,NaN,0.9735,0
2023-06-16,NaN,NaN,NaN,NaN,NaN,1.0,0
2023-06-18,NaN,NaN,NaN,NaN,NaN,0.8664,0
2023-06-18,-0.0502,0.0016,3245.1,3378.9,3479.0,0.7485,20000
2023-06-21,NaN,NaN,NaN,NaN,NaN,0.9774,0
2023-06-21,NaN,NaN,NaN,NaN,NaN,1.0,0
2023-06-23,-0.0537,0.095,2564.5,2691.2,2800.1,0.5102,20000
2023-06-23,-0.0718,0.0,2676.8,2945.1,3011.6,0.6087,20000
2023-06-26,NaN,NaN,NaN,NaN,NaN,0.9805,0
2023-06-26,NaN,NaN,NaN,NaN,NaN,0.941,0
2023-06-28,NaN,NaN,NaN,NaN,NaN,0.9886,0
2023-06-28,NaN,NaN,NaN,NaN,NaN,0.9963,0
2023-07-01,NaN,NaN,NaN,NaN,NaN,0.9999,0
2023-07-01,NaN,NaN,NaN,NaN,NaN,1.0,0
2023-07-03,NaN,NaN,NaN,NaN,NaN,1.0,0
2023-07-03,NaN,NaN,NaN,NaN,NaN,1.0,0
2023-07-06,-0.0589,0.8936,3059.3,3091.9,3108.7,0.4891,20000
2023-07-06,NaN,NaN,NaN,NaN,NaN,1.0,0
2023-07-08,NaN,NaN,NaN,NaN,NaN,0.9086,0
2023-07-08,NaN,NaN,NaN,NaN,NaN,1.0,0
2023-07-11,NaN,NaN,NaN,NaN,NaN,0.9603,0
2023-07-11,NaN,NaN,NaN,NaN,NaN,1.0,0
2023-07-13,NaN,NaN,NaN,NaN,NaN,1.0,0
2023-07-13,NaN,NaN,NaN,NaN,NaN,1.0,0
2023-07-16,NaN,NaN,NaN,NaN,NaN,0.8474,0
2023-07-16,NaN,NaN,NaN,NaN,NaN,1.0,0
2023-07-18,NaN,NaN,NaN,NaN,NaN,0.9997,0
2023-07-18,NaN,NaN,NaN,NaN,NaN,1.0,0
2023-07-21,NaN,NaN,NaN,NaN,NaN,1.0,0
2023-07-21,NaN,NaN,NaN,NaN,NaN,1.0,0
2023-07-23,NaN,NaN,NaN,NaN,NaN,0.9962,0
2023-07-23,NaN,NaN,NaN,NaN,NaN,1.0,0
2023-07-26,NaN,NaN,NaN,NaN,NaN,1.0,0
2023-07-26,NaN,NaN,NaN,NaN,NaN,1.0,0
2023-07-28,NaN,NaN,NaN,NaN,NaN,1.0,0
2023-07-28,NaN,NaN,NaN,NaN,NaN,1.0,0
2023-07-31,-0.0471,1.4308,2275.6,2302.6,2401.2,0.4258,20000
2023-07-31,NaN,NaN,NaN,NaN,NaN,0.9918,0
2023-08-02,NaN,NaN,NaN,NaN,NaN,1.0,0
2023-08-02,NaN,NaN,NaN,NaN,NaN,0.9074,0
2023-08-05,NaN,NaN,NaN,NaN,NaN,1.0,0
2023-08-05,NaN,NaN,NaN,NaN,NaN,1.0,0
2023-08-07,NaN,NaN,NaN,NaN,NaN,0.9661,0
2023-08-07,NaN,NaN,NaN,NaN,NaN,1.0,0
2023-08-12,NaN,NaN,NaN,NaN,NaN,0.9959,0
2023-08-12,NaN,NaN,NaN,NaN,NaN,1.0,0
2023-08-15,-0.0712,0.2826,2441.6,2473.7,2629.0,0.485,20000
2023-08-15,NaN,NaN,NaN,NaN,NaN,0.9985,0
2023-08-17,NaN,NaN,NaN,NaN,NaN,0.9681,0
2023-08-17,NaN,NaN,NaN,NaN,NaN,1.0,0
2023-08-20,NaN,NaN,NaN,NaN,NaN,1.0,0
2023-08-20,NaN,NaN,NaN,NaN,NaN,1.0,0
2023-08-22,NaN,NaN,NaN,NaN,NaN,1.0,0
2023-08-22,NaN,NaN,NaN,NaN,NaN,1.0,0
2023-08-25,NaN,NaN,NaN,NaN,NaN,1.0,0
2023-08-25,NaN,NaN,NaN,NaN,NaN,1.0,0
2023-08-27,NaN,NaN,NaN,NaN,NaN,1.0,0
2023-08-27,NaN,NaN,NaN,NaN,NaN,1.0,0
2023-08-30,-0.1052,0.7688,1647.9,1732.1,1936.9,0.2236,20000
2023-08-30,-0.0466,0.0013,2403.1,2578.9,2549.6,0.644,20000
2023-09-01,-0.0933,1.0746,1907.5,2008.8,2272.5,0.1643,20000
2023-09-01,-0.0929,0.0001,1625.5,1872.3,1936.5,0.0739,20000
2023-09-04,-0.0897,0.1745,1798.5,1894.5,2027.7,0.2234,20000
2023-09-04,-0.094,0.0,1661.2,1926.0,1990.6,0.1657,20000
2023-09-06,-0.0723,0.8147,1932.6,2043.0,2238.2,0.2138,20000
2023-09-06,-0.0784,0.0004,2038.8,2313.9,2385.6,0.433,20000
2023-09-09,NaN,NaN,NaN,NaN,NaN,1.0,0
2023-09-09,NaN,NaN,NaN,NaN,NaN,1.0,0
2023-09-11,-0.016,0.54,3320.2,3317.2,3334.5,0.6648,20000
2023-09-11,NaN,NaN,NaN,NaN,NaN,1.0,0
2023-09-14,-0.1537,1.4778,1451.3,1622.0,1914.3,0.2707,20000
2023-09-14,-0.1455,0.0,1378.4,1662.5,1804.9,0.2123,20000
2023-09-16,-0.0815,1.1481,1761.9,1883.9,2076.2,0.1141,20000
2023-09-16,-0.0882,0.0,1822.3,2096.2,2166.3,0.2772,20000
2023-09-19,-0.0204,0.9006,3745.7,3693.3,3679.4,0.5576,20000
2023-09-19,NaN,NaN,NaN,NaN,NaN,1.0,0
2023-09-21,NaN,NaN,NaN,NaN,NaN,0.9996,0
2023-09-21,NaN,NaN,NaN,NaN,NaN,1.0,0
2023-09-24,NaN,NaN,NaN,NaN,NaN,0.9942,0
2023-09-24,NaN,NaN,NaN,NaN,NaN,1.0,0
2023-09-26,-0.0416,1.4412,2236.9,2318.0,2401.2,0.2265,20000
2023-09-26,NaN,NaN,NaN,NaN,NaN,1.0,0
2023-09-29,-0.001,0.1646,4238.1,4243.5,4165.0,0.7108,20000
2023-09-29,NaN,NaN,NaN,NaN,NaN,0.9865,0
2023-10-01,NaN,NaN,NaN,NaN,NaN,1.0,0
2023-10-01,NaN,NaN,NaN,NaN,NaN,1.0,0
2023-10-04,NaN,NaN,NaN,NaN,NaN,1.0,0
2023-10-04,NaN,NaN,NaN,NaN,NaN,1.0,0
2023-10-06,-0.0603,1.2826,2353.0,2468.0,2475.3,0.0,20000
2023-10-06,-0.0837,0.0006,1979.1,2202.5,2232.4,0.0,20000
2023-10-09,-0.117,1.2636,1606.8,1781.8,1882.6,0.0,20000
2023-10-09,-0.1087,0.0001,1416.7,1661.1,1749.6,0.0,20000
2023-10-11,-0.1096,1.0903,1715.6,1910.6,2031.6,0.0282,20000
2023-10-11,-0.1077,0.0001,1545.8,1806.4,1913.5,0.0,20000
2023-10-14,-0.1014,1.2555,1567.7,1751.2,1829.3,0.0,20000
2023-10-14,-0.1046,0.0001,1381.2,1621.8,1700.9,0.0,20000
2023-10-16,-0.1034,1.2533,1743.1,1945.9,2068.5,0.0,20000
2023-10-16,-0.1073,0.0001,1550.9,1806.7,1921.2,0.0,20000
2023-10-19,-0.0906,1.2454,1595.6,1770.0,1844.5,0.0239,20000
2023-10-19,-0.0991,0.0002,1464.1,1695.8,1783.9,0.0493,20000
2023-10-21,-0.0884,1.2488,1679.0,1864.6,1950.5,0.0,20000
2023-10-21,-0.1058,0.0,1500.5,1754.0,1850.2,0.0,20000
2023-10-24,-0.0861,1.202,1564.1,1739.4,1803.7,0.0072,20000
2023-10-24,-0.11,0.0002,1351.5,1596.0,1683.7,0.0003,20000
2023-10-26,-0.0875,1.265,1672.1,1851.7,1952.6,0.0,20000
2023-10-26,-0.1131,0.0001,1468.2,1724.7,1839.8,0.0,20000
2023-10-29,-0.0764,1.2516,1551.7,1713.2,1766.4,0.0,20000
2023-10-29,-0.1024,0.0012,1367.6,1602.1,1678.0,0.0,20000
2023-10-31,-0.0958,1.1073,1704.7,1888.3,1985.6,0.0,20000
2023-10-31,-0.1091,0.0,1441.6,1695.5,1792.4,0.0,20000
2023-11-03,-0.0877,1.2272,1555.6,1723.3,1795.3,0.0,20000
2023-11-03,-0.11,0.0007,1315.5,1553.8,1641.0,0.0,20000
2023-11-05,-0.0691,1.2479,1819.7,1984.5,2060.2,0.0949,20000
2023-11-05,-0.0866,0.0016,1945.2,2191.1,2280.4,0.4728,20000
2023-11-08,-0.0828,1.265,1562.8,1713.6,1786.5,0.0,20000
2023-11-08,-0.106,0.0028,1320.0,1549.6,1633.7,0.0,20000
2023-11-10,-0.0854,1.2393,1660.8,1831.3,1925.5,0.0,20000
2023-11-10,-0.1095,0.0029,1412.8,1663.5,1759.6,0.0,20000
2023-11-13,-0.0818,1.2857,1544.0,1690.9,1756.9,0.0,20000
2023-11-13,-0.1108,0.0047,1281.6,1518.6,1600.6,0.0,20000
2023-11-15,-0.0813,1.2668,1677.2,1833.2,1926.3,0.0,20000
2023-11-15,-0.1126,0.0049,1400.0,1652.0,1755.6,0.0,20000
2023-11-18,-0.0847,1.2809,1548.0,1686.7,1767.6,0.0,20000
2023-11-18,-0.1137,0.0038,1266.8,1499.1,1594.5,0.0,20000
2023-11-20,-0.0798,1.2649,1639.1,1790.3,1875.1,0.0,20000
2023-11-20,-0.1138,0.0052,1358.9,1608.7,1706.4,0.0,20000
2023-11-23,-0.0871,1.2789,1530.7,1676.6,1752.9,0.0,20000
2023-11-23,-0.1149,0.0044,1254.7,1491.2,1581.3,0.0,20000
2023-11-25,-0.1141,0.4393,1808.5,1985.0,2134.5,0.0,20000
2023-11-25,-0.1136,0.0023,1366.3,1609.8,1716.6,0.0,20000
2023-11-28,NaN,NaN,NaN,NaN,NaN,1.0,0
2023-11-28,NaN,NaN,NaN,NaN,NaN,1.0,0
2023-11-30,-0.0248,0.5922,2163.2,2228.4,2222.0,0.3477,20000
2023-11-30,-0.0559,0.0,2025.2,2221.3,2246.8,0.0333,20000
2023-12-03,-0.115,1.1313,1587.4,1750.2,1863.2,0.0,20000
2023-12-03,-0.1162,0.0062,1229.1,1460.3,1552.6,0.0,20000
2023-12-08,0.0087,0.063,8859.8,8922.2,8705.1,0.0067,20000
2023-12-08,-0.0,0.0001,7784.7,7897.2,7751.9,0.0,20000
2023-12-10,-0.0027,0.0563,6872.0,6975.4,6768.1,0.0002,20000
2023-12-10,-0.006,0.0011,5684.9,5825.8,5656.4,0.0,20000
2023-12-13,-0.0148,0.1412,5384.7,5541.0,5444.5,0.0008,20000
2023-12-13,-0.0206,0.0072,4026.2,4196.6,4108.5,0.0,20000
2023-12-15,-0.026,0.2137,4291.3,4428.6,4386.5,0.0222,20000
2023-12-15,-0.0267,0.0143,3301.1,3468.2,3412.1,0.0,20000
2023-12-18,-0.0462,0.7643,2654.3,2803.0,2843.3,0.0,20000
2023-12-18,-0.0619,0.0103,2169.4,2379.1,2406.3,0.0,20000
2023-12-20,-0.044,0.9128,2642.8,2795.6,2830.1,0.0,20000
2023-12-20,-0.0605,0.0036,2180.8,2400.4,2426.6,0.0,20000
2023-12-23,-0.049,1.0073,2274.2,2428.6,2446.2,0.0067,20000
2023-12-23,-0.0702,0.0122,1752.6,1963.5,1984.6,0.0006,20000
2023-12-25,-0.0503,1.2233,2287.1,2435.6,2483.1,0.0,20000
2023-12-25,-0.0842,0.0138,1750.5,1985.0,2051.9,0.0,20000
2023-12-28,-0.0457,1.2663,2148.8,2271.2,2292.1,0.0,20000
2023-12-28,-0.0801,0.0158,1598.6,1807.1,1859.0,0.0,20000
2023-12-30,-0.057,1.238,2191.9,2349.5,2392.0,0.0,20000
2023-12-30,-0.0909,0.0112,1643.4,1885.7,1955.3,0.0,20000
2024-01-02,-0.0782,0.6844,2159.7,2327.5,2390.7,0.0,20000
2024-01-02,-0.087,0.016,1518.1,1736.4,1792.7,0.0,20000
2024-01-04,-0.0792,0.4875,2315.4,2494.0,2584.3,0.0,20000
2024-01-04,-0.0882,0.0164,1628.8,1860.1,1934.9,0.0,20000
2024-01-07,-0.0779,1.023,2078.2,2239.3,2301.2,0.0,20000
2024-01-07,-0.0927,0.0149,1473.7,1693.9,1764.4,0.0,20000
2024-01-09,-0.0701,1.1246,2156.9,2324.8,2381.0,0.0,20000
2024-01-09,-0.0973,0.0135,1572.7,1815.7,1898.9,0.0,20000
2024-01-12,-0.0651,1.2646,1999.3,2148.2,2174.8,0.0,20000
2024-01-12,-0.0975,0.0146,1441.4,1669.0,1739.5,0.0,20000
2024-01-14,-0.0575,1.2817,2280.2,2439.6,2476.2,0.0961,20000
2024-01-14,-0.0747,0.0143,2297.5,2568.2,2641.6,0.6272,20000
2024-01-17,-0.0653,0.9555,2212.2,2347.1,2390.2,0.0472,20000
2024-01-17,-0.0766,0.0023,1691.1,1893.4,1954.2,0.1828,20000
2024-01-19,-0.0812,1.1822,2168.8,2336.0,2393.7,0.0001,20000
2024-01-19,-0.0966,0.007,1569.2,1810.6,1895.1,0.0,20000
2024-01-22,-0.0876,1.2335,1958.6,2125.2,2162.5,0.0,20000
2024-01-22,-0.0996,0.0153,1404.7,1636.9,1705.7,0.0,20000
2024-01-24,-0.079,1.2926,2120.4,2280.2,2337.5,0.0,20000
2024-01-24,-0.0954,0.021,1569.8,1807.1,1897.7,0.0,20000
2024-01-27,-0.0898,1.2482,2013.5,2170.5,2212.6,0.0,20000
2024-01-27,-0.0912,0.0221,1452.7,1669.9,1739.4,0.0,20000
2024-01-29,-0.0937,1.2909,2070.0,2252.9,2308.3,0.0021,20000
2024-01-29,-0.101,0.0173,1548.2,1798.1,1890.1,0.0,20000
2024-02-01,-0.1028,1.2963,1972.6,2150.3,2183.5,0.0,20000
2024-02-01,-0.0915,0.0216,1435.6,1658.3,1719.4,0.0,20000
2024-02-03,-0.0907,1.3051,2142.7,2310.4,2367.2,0.0319,20000
2024-02-03,-0.0996,0.0164,1585.5,1829.0,1928.3,0.0,20000
2024-02-06,-0.0748,1.1255,2082.1,2228.8,2263.7,0.0,20000
2024-02-06,-0.0847,0.0164,1493.2,1706.0,1762.3,0.0,20000
2024-02-08,-0.0896,1.3019,2076.3,2254.0,2312.4,0.0,20000
2024-02-08,-0.1035,0.0153,1570.8,1826.5,1924.8,0.0,20000
2024-02-11,-0.0765,1.3384,1950.2,2100.3,2117.8,0.0,20000
2024-02-11,-0.1028,0.0158,1421.9,1660.2,1738.9,0.0,20000
2024-02-13,-0.0584,1.3131,2286.7,2436.2,2463.5,0.0,20000
2024-02-13,-0.0672,0.0085,1943.4,2153.2,2207.1,0.0,20000
2024-02-16,-0.0843,0.8819,2369.7,2528.0,2596.9,0.0,20000
2024-02-16,-0.0913,0.0062,1605.2,1828.1,1906.9,0.0,20000
2024-02-18,-0.0422,1.2291,2802.1,2919.2,2885.7,0.2873,20000
2024-02-18,NaN,NaN,NaN,NaN,NaN,0.8295,0
2024-02-21,NaN,NaN,NaN,NaN,NaN,1.0,0
2024-02-21,NaN,NaN,NaN,NaN,NaN,1.0,0
2024-02-23,-0.0497,1.3394,2500.6,2625.4,2600.7,0.1977,20000
2024-02-23,-0.074,0.0143,1991.5,2203.3,2282.9,0.308,20000
2024-02-26,-0.0524,1.3287,2040.7,2158.3,2137.0,0.0,20000
2024-02-26,-0.0729,0.0114,1603.3,1810.1,1849.5,0.0,20000
2024-02-28,-0.1011,1.3537,2143.4,2325.8,2383.0,0.0,20000
2024-02-28,-0.0969,0.0126,1677.0,1936.5,2026.1,0.0,20000
2024-03-02,-0.0736,1.3456,2031.2,2187.4,2192.0,0.0114,20000
2024-03-02,-0.0762,0.0075,1812.7,2055.8,2100.1,0.0,20000
2024-03-04,-0.0669,1.262,2845.0,3017.0,3075.7,0.0,20000
2024-03-04,-0.0903,0.0068,1963.9,2226.9,2332.9,0.0,20000
2024-03-07,-0.078,1.2587,2034.2,2179.9,2199.8,0.0317,20000
2024-03-07,-0.0904,0.0116,1658.7,1900.5,1977.8,0.1124,20000
2024-03-09,-0.1005,1.347,2164.2,2348.6,2408.6,0.0,20000
2024-03-09,-0.103,0.009,1704.1,1978.9,2084.6,0.0,20000
2024-03-12,-0.0379,1.1071,3020.1,3107.5,3077.0,0.4017,20000
2024-03-12,-0.0515,0.002,2915.7,3102.0,3184.4,0.6358,20000
2024-03-14,-0.1198,1.2737,2193.9,2396.9,2515.9,0.0,20000
2024-03-14,-0.1003,0.005,1750.8,2021.9,2132.5,0.0,20000
2024-03-17,-0.1404,1.2901,1997.8,2200.8,2303.2,0.0,20000
2024-03-17,-0.102,0.0063,1572.2,1829.5,1923.4,0.0,20000
2024-03-19,-0.1422,1.2946,2219.3,2453.9,2596.3,0.0,20000
2024-03-19,-0.1028,0.0072,1777.9,2063.8,2173.7,0.0,20000
2024-03-22,0.0184,0.0001,10043.6,10095.1,9678.7,0.0185,20000
2024-03-22,0.0195,0.0,9732.0,9785.4,9355.2,0.0,20000
2024-03-24,0.0409,0.0004,9747.8,9679.6,8963.2,0.0035,20000
2024-03-24,0.047,0.0,9339.9,9274.1,8476.1,0.0,20000
2024-03-27,0.041,0.0001,8992.7,8999.5,8269.9,0.0467,20000
2024-03-27,0.0396,0.0,8128.1,8139.2,7484.8,0.0,20000
2024-03-29,0.0444,0.001,8026.0,8015.8,7271.1,0.0,20000
2024-03-29,0.0329,0.0003,6910.7,6961.6,6377.0,0.0,20000
2024-04-01,-0.0022,0.0091,6106.6,6188.1,5746.2,0.0001,20000
2024-04-01,-0.0281,0.0007,3658.8,3825.5,3657.8,0.0,20000
2024-04-03,-0.018,0.0247,5409.7,5487.6,5141.2,0.0132,20000
2024-04-03,-0.0403,0.0003,3452.7,3639.9,3550.1,0.1916,20000
2024-04-06,-0.0476,0.0083,4698.5,4838.3,4715.6,0.0001,20000
2024-04-06,-0.0372,0.0,3010.8,3191.9,3146.0,0.0,20000
2024-04-08,-0.0004,0.365,5526.5,5599.1,5405.0,0.393,20000
2024-04-08,NaN,NaN,NaN,NaN,NaN,0.8229,0
2024-04-11,-0.0136,0.0344,5517.8,5488.0,5149.1,0.2675,20000
2024-04-11,NaN,NaN,NaN,NaN,NaN,0.8271,0
2024-04-13,NaN,NaN,NaN,NaN,NaN,0.9027,0
2024-04-13,NaN,NaN,NaN,NaN,NaN,0.9985,0
2024-04-16,-0.0298,0.0752,3465.1,3598.5,3499.6,0.1654,20000
2024-04-16,NaN,NaN,NaN,NaN,NaN,0.9608,0
2024-04-18,-0.0688,0.0167,3223.0,3423.3,3458.2,0.0,20000
2024-04-18,-0.0792,0.0,2212.0,2487.8,2546.8,0.0,20000
2024-04-21,-0.0961,1.1964,2335.8,2525.3,2575.7,0.0,20000
2024-04-21,-0.0953,0.0016,1786.3,2063.8,2141.2,0.0,20000
2024-04-23,-0.1146,0.6694,2516.3,2739.5,2895.2,0.0,20000
2024-04-23,-0.1011,0.0002,2039.0,2348.1,2481.7,0.0,20000
2024-04-26,-0.1067,1.1991,2135.9,2327.0,2440.3,0.0,20000
2024-04-26,-0.1122,0.0021,1715.1,2013.8,2135.2,0.0,20000
2024-04-28,-0.1053,1.225,2340.7,2560.5,2705.1,0.0,20000
2024-04-28,-0.0997,0.0012,2043.8,2359.3,2487.9,0.0,20000
2024-05-01,-0.1121,1.2069,2039.7,2240.7,2359.1,0.0,20000
2024-05-01,-0.0984,0.0017,1762.3,2046.5,2141.9,0.0,20000
2024-05-03,-0.1159,1.2267,2266.0,2496.3,2666.9,0.0,20000
2024-05-03,-0.0961,0.0003,2082.1,2389.9,2516.7,0.0,20000
2024-05-06,NaN,NaN,NaN,NaN,NaN,0.9993,0
2024-05-06,NaN,NaN,NaN,NaN,NaN,1.0,0
2024-05-08,NaN,NaN,NaN,NaN,NaN,1.0,0
2024-05-08,NaN,NaN,NaN,NaN,NaN,1.0,0
2024-05-11,-0.04,0.0336,4530.9,4658.1,4555.1,0.0,20000
2024-05-11,-0.0024,0.0001,6963.8,7100.8,6825.8,0.0,20000
2024-05-13,0.0237,0.0568,5917.8,5852.4,5313.5,0.5748,20000
2024-05-13,NaN,NaN,NaN,NaN,NaN,0.9858,0
2024-05-16,0.0051,0.0167,3038.3,3110.9,2933.2,0.6944,20000
2024-05-16,-0.0094,0.0,4007.3,4119.1,3913.6,0.3833,20000
2024-05-18,-0.0144,1.1768,3897.9,3926.0,3759.7,0.5301,20000
2024-05-18,NaN,NaN,NaN,NaN,NaN,1.0,0
2024-05-21,NaN,NaN,NaN,NaN,NaN,0.9597,0
2024-05-21,NaN,NaN,NaN,NaN,NaN,1.0,0
2024-05-23,NaN,NaN,NaN,NaN,NaN,1.0,0
2024-05-23,NaN,NaN,NaN,NaN,NaN,1.0,0
2024-05-26,-0.0642,0.4245,2416.9,2516.2,2577.5,0.2283,20000
2024-05-26,-0.0604,0.0,2360.0,2597.2,2622.7,0.5861,20000
2024-05-28,-0.0229,0.4681,2885.8,3012.7,3029.6,0.4381,20000
2024-05-28,-0.0674,0.0,2480.1,2776.4,2820.5,0.6917,20000
2024-05-31,-0.0467,0.0305,2356.1,2458.9,2518.5,0.5639,20000
2024-05-31,NaN,NaN,NaN,NaN,NaN,0.8434,0
2024-06-02,0.0372,0.6527,3762.2,3761.7,3386.9,0.4759,20000
2024-06-02,NaN,NaN,NaN,NaN,NaN,0.9868,0
2024-06-05,-0.0871,0.0937,2591.1,2673.6,2759.0,0.3071,20000
2024-06-05,NaN,NaN,NaN,NaN,NaN,0.9392,0
2024-06-07,-0.0482,0.8271,2382.7,2529.6,2640.0,0.2431,20000
2024-06-07,-0.0608,0.0,2904.5,3130.5,3236.5,0.7897,20000
2024-06-10,-0.0132,0.2904,3412.3,3481.1,3463.5,0.7718,20000
2024-06-10,NaN,NaN,NaN,NaN,NaN,1.0,0
2024-06-12,NaN,NaN,NaN,NaN,NaN,0.8046,0
2024-06-12,NaN,NaN,NaN,NaN,NaN,1.0,0
2024-06-15,NaN,NaN,NaN,NaN,NaN,0.9132,0
2024-06-15,NaN,NaN,NaN,NaN,NaN,1.0,0
2024-06-17,-0.0192,0.0438,3266.6,3346.2,3378.9,0.5045,20000
2024-06-17,NaN,NaN,NaN,NaN,NaN,0.8004,0
2024-06-20,NaN,NaN,NaN,NaN,NaN,1.0,0
2024-06-20,NaN,NaN,NaN,NaN,NaN,1.0,0
2024-06-22,-0.0291,0.8527,2954.0,3044.6,3104.4,0.3785,20000
2024-06-22,NaN,NaN,NaN,NaN,NaN,0.8564,0
2024-06-25,NaN,NaN,NaN,NaN,NaN,1.0,0
2024-06-25,NaN,NaN,NaN,NaN,NaN,1.0,0
2024-06-27,0.0076,0.0294,4206.0,4218.4,4026.3,0.7019,20000
2024-06-27,NaN,NaN,NaN,NaN,NaN,0.9839,0
2024-06-30,NaN,NaN,NaN,NaN,NaN,1.0,0
2024-06-30,NaN,NaN,NaN,NaN,NaN,1.0,0
2024-07-02,NaN,NaN,NaN,NaN,NaN,1.0,0
2024-07-02,NaN,NaN,NaN,NaN,NaN,1.0,0
2024-07-05,NaN,NaN,NaN,NaN,NaN,1.0,0
2024-07-05,NaN,NaN,NaN,NaN,NaN,1.0,0
2024-07-07,NaN,NaN,NaN,NaN,NaN,1.0,0
2024-07-07,NaN,NaN,NaN,NaN,NaN,1.0,0
2024-07-10,NaN,NaN,NaN,NaN,NaN,0.989,0
2024-07-10,NaN,NaN,NaN,NaN,NaN,1.0,0
2024-07-12,NaN,NaN,NaN,NaN,NaN,1.0,0
2024-07-12,NaN,NaN,NaN,NaN,NaN,1.0,0
2024-07-15,-0.0275,0.0232,4014.6,4041.9,3966.6,0.6919,20000
2024-07-15,NaN,NaN,NaN,NaN,NaN,0.857,0
2024-07-17,NaN,NaN,NaN,NaN,NaN,0.9217,0
2024-07-17,NaN,NaN,NaN,NaN,NaN,1.0,0
2024-07-20,-0.0714,0.5334,2687.4,2734.8,2826.5,0.5458,20000
2024-07-20,NaN,NaN,NaN,NaN,NaN,0.9065,0
2024-07-22,NaN,NaN,NaN,NaN,NaN,1.0,0
2024-07-22,NaN,NaN,NaN,NaN,NaN,1.0,0
2024-07-25,NaN,NaN,NaN,NaN,NaN,1.0,0
2024-07-25,NaN,NaN,NaN,NaN,NaN,1.0,0
2024-07-27,NaN,NaN,NaN,NaN,NaN,1.0,0
2024-07-27,NaN,NaN,NaN,NaN,NaN,1.0,0
2024-07-30,-0.1012,0.437,1870.5,1949.2,2123.3,0.2858,20000
2024-07-30,-0.0903,0.0001,1606.4,1871.1,1916.3,0.2821,20000
2024-08-01,0.0202,0.5811,3779.9,3770.1,3690.7,0.6784,20000
2024-08-01,-0.0521,0.0004,2431.4,2657.6,2689.6,0.5409,20000
2024-08-04,NaN,NaN,NaN,NaN,NaN,0.9863,0
2024-08-04,NaN,NaN,NaN,NaN,NaN,1.0,0
2024-08-06,NaN,NaN,NaN,NaN,NaN,1.0,0
2024-08-06,NaN,NaN,NaN,NaN,NaN,1.0,0
2024-08-09,NaN,NaN,NaN,NaN,NaN,1.0,0
2024-08-09,NaN,NaN,NaN,NaN,NaN,1.0,0
2024-08-11,NaN,NaN,NaN,NaN,NaN,0.991,0
2024-08-11,NaN,NaN,NaN,NaN,NaN,0.9641,0
2024-08-14,NaN,NaN,NaN,NaN,NaN,0.9997,0
2024-08-14,0.0432,0.0,8880.3,8857.9,8143.4,0.4007,20000
2024-08-16,-0.0863,1.1264,1803.0,1881.2,2191.2,0.039,20000
2024-08-16,-0.1286,0.0001,1943.0,2282.0,2406.8,0.0,20000
2024-08-19,-0.0512,0.1086,2836.6,2804.9,2954.2,0.7276,20000
2024-08-19,-0.01,0.001,3139.6,3182.3,3104.3,0.7136,20000
2024-08-21,NaN,NaN,NaN,NaN,NaN,1.0,0
2024-08-21,NaN,NaN,NaN,NaN,NaN,1.0,0
2024-08-24,-0.0957,0.867,1834.5,1880.1,2129.4,0.1277,20000
2024-08-24,-0.0624,0.0,2119.2,2351.7,2368.0,0.4084,20000
2024-08-26,NaN,NaN,NaN,NaN,NaN,0.9945,0
2024-08-26,NaN,NaN,NaN,NaN,NaN,0.9997,0
2024-08-29,-0.0308,0.2279,2234.1,2247.6,2305.3,0.6302,20000
2024-08-29,-0.0461,0.0,1977.7,2140.5,2112.1,0.5629,20000
2024-08-31,-0.0727,1.078,1833.4,1920.0,2209.5,0.0709,20000
2024-08-31,-0.0982,0.0001,1796.7,2092.5,2188.6,0.0,20000
2024-09-03,NaN,NaN,NaN,NaN,NaN,0.8891,0
2024-09-03,NaN,NaN,NaN,NaN,NaN,1.0,0
2024-09-05,NaN,NaN,NaN,NaN,NaN,0.9999,0
2024-09-05,NaN,NaN,NaN,NaN,NaN,0.9982,0
2024-09-08,-0.0044,1.0226,2293.9,2321.6,2380.9,0.4419,20000
2024-09-08,-0.0563,0.0,2037.8,2255.0,2220.3,0.5071,20000
2024-09-10,-0.0069,1.058,2361.5,2398.4,2472.3,0.3502,20000
2024-09-10,-0.042,0.0,2764.6,2953.1,2943.8,0.7676,20000
2024-09-13,-0.0325,0.2693,2657.2,2640.8,2721.8,0.5671,20000
2024-09-13,NaN,NaN,NaN,NaN,NaN,0.9481,0
2024-09-15,NaN,NaN,NaN,NaN,NaN,0.977,0
2024-09-15,NaN,NaN,NaN,NaN,NaN,1.0,0
2024-09-18,-0.0132,0.6555,2454.3,2500.8,2527.4,0.4832,20000
2024-09-18,-0.0481,0.0,2757.4,2974.5,2948.8,0.7926,20000
2024-09-20,NaN,NaN,NaN,NaN,NaN,1.0,0
2024-09-20,NaN,NaN,NaN,NaN,NaN,1.0,0
2024-09-23,NaN,NaN,NaN,NaN,NaN,0.8349,0
2024-09-23,NaN,NaN,NaN,NaN,NaN,0.9018,0
2024-09-25,NaN,NaN,NaN,NaN,NaN,1.0,0
2024-09-25,NaN,NaN,NaN,NaN,NaN,1.0,0
2024-09-28,NaN,NaN,NaN,NaN,NaN,1.0,0
2024-09-28,NaN,NaN,NaN,NaN,NaN,1.0,0
2024-09-30,0.1359,1.2213,8694.6,8464.4,7281.3,0.0,20000
2024-09-30,0.0791,0.0003,9030.0,8871.3,7617.0,0.0,20000
2024-10-03,0.0317,0.2545,6285.1,6221.1,5897.9,0.4577,20000
2024-10-03,0.0288,0.0,7892.0,7763.8,7460.7,0.7795,20000
2024-10-05,NaN,NaN,NaN,NaN,NaN,0.8057,0
2024-10-05,NaN,NaN,NaN,NaN,NaN,0.9954,0
2024-10-08,-0.027,1.1969,2333.5,2400.4,2399.3,0.0399,20000
2024-10-08,-0.0558,0.0021,2455.7,2650.9,2590.5,0.3754,20000
2024-10-10,-0.0301,1.2135,2274.1,2352.4,2390.3,0.0298,20000
2024-10-10,-0.0674,0.0043,2209.3,2419.1,2408.8,0.116,20000
2024-10-13,-0.0458,1.2202,2046.0,2142.0,2207.7,0.0068,20000
2024-10-13,-0.0873,0.0031,1934.4,2164.2,2186.2,0.0,20000
2024-10-15,-0.025,1.0598,2424.6,2535.1,2561.5,0.1483,20000
2024-10-15,NaN,NaN,NaN,NaN,NaN,0.9113,0
2024-10-18,-0.0373,0.7499,2351.4,2382.3,2322.8,0.4853,20000
2024-10-18,-0.0813,0.0031,1523.2,1722.1,1728.6,0.0326,20000
2024-10-20,-0.0136,0.036,3634.0,3612.2,3581.2,0.7116,20000
2024-10-20,-0.0339,0.0,2412.0,2502.8,2525.7,0.5032,20000
2024-10-23,NaN,NaN,NaN,NaN,NaN,0.9981,0
2024-10-23,NaN,NaN,NaN,NaN,NaN,1.0,0
2024-10-25,-0.043,1.1924,1940.6,2051.0,2139.1,0.0151,20000
2024-10-25,-0.0862,0.0023,1788.5,2023.0,2065.9,0.0,20000
2024-10-28,-0.0529,1.2669,1765.7,1885.0,1970.8,0.0003,20000
2024-10-28,-0.0963,0.0041,1595.5,1826.0,1882.9,0.0,20000
2024-10-30,-0.049,1.2154,1863.7,1980.8,2093.5,0.0147,20000
2024-10-30,-0.0934,0.0041,1710.9,1947.3,2015.4,0.0,20000
