sample_id,lake_id,window_id,decision_date,window_start,window_end,model_id,ablation_id,score,status,eligible
e2f78c9fda24a55c30747f7193718626e54bae53abbbfc9e5c5bcf994bfa7f4c,SGL-001,WIN-SGL-001-20230901,2023-09-01,2023-03-05,2023-08-31,tmae,full,0.000000,NOT_ESTIMABLE,false
b0c050ca131da2f033b52826351a820825144dda8a556d2debaefcc9208f1ad8,SGL-001,WIN-SGL-001-20230901,2023-09-01,2023-03-05,2023-08-31,climatology,full,0.000000,NOT_ESTIMABLE,false
7a57cc00651e54f93da0a8593720b2f2b8fc133461d5f031d2bfca4a29511f47,SGL-001,WIN-SGL-001-20230901,2023-09-01,2023-03-05,2023-08-31,area_trend,full,0.000000,NOT_ESTIMABLE,false
42d4a15e11a9205cfbb7105da01ae4c57d7717a7618213addbf4880116bdd2a6,SGL-001,WIN-SGL-001-20230901,2023-09-01,2023-03-05,2023-08-31,weather_only,full,0.000000,NOT_ESTIMABLE,false
b3c8b841446dcd975fb58cefbcb2f5e1cadaaecc5c7bcc674921be00f474be65,SGL-001,WIN-SGL-001-20230901,2023-09-01,2023-03-05,2023-08-31,rpca,full,0.000000,NOT_ESTIMABLE,false
79db8142689d725df52227e8b1dfd516a4177c1eaae7838f6296b87d47a09d16,SGL-001,WIN-SGL-001-20230901,2023-09-01,2023-03-05,2023-08-31,tmae,opt_sar,0.000000,NOT_ESTIMABLE,false
c83297d08f2ce525033505bb9738b90a5e9bd544bb7542294cfc1cfd3480a1b9,SGL-001,WIN-SGL-001-20230901,2023-09-01,2023-03-05,2023-08-31,climatology,opt_sar,0.000000,NOT_ESTIMABLE,false
174d9b0d55208c0e1243b56ba17f1fea9b1f51b586bcc1f65f14cd5824b55630,SGL-001,WIN-SGL-001-20230901,2023-09-01,2023-03-05,2023-08-31,area_trend,opt_sar,0.000000,NOT_ESTIMABLE,false
a7eeb2fef5362ca47ad48df55b042860088b98f84943d26d820b4a277aa0ec7b,SGL-001,WIN-SGL-001-20230901,2023-09-01,2023-03-05,2023-08-31,weather_only,opt_sar,0.000000,NOT_ESTIMABLE,false
62de756f9f4f16b9dc9d2f6ee6664e80f00a122bd9b408b96134959a39a1d5f4,SGL-001,WIN-SGL-001-20230901,2023-09-01,2023-03-05,2023-08-31,rpca,opt_sar,0.000000,NOT_ESTIMABLE,false
be1ce283683bedc883b6a5e28cef5266c7645964ffec7820281ab028f66320ac,SGL-001,WIN-SGL-001-20230901,2023-09-01,2023-03-05,2023-08-31,tmae,opt_era5,0.000000,NOT_ESTIMABLE,false
8a39df8cee2753c411b14f229a1463253a8bc9764dbb69075e041e55ce74d3f2,SGL-001,WIN-SGL-001-20230901,2023-09-01,2023-03-05,2023-08-31,climatology,opt_era5,0.000000,NOT_ESTIMABLE,false
f0b881defd739e93a10f994ff07cb24a61d5db9afb0a88ef1fb26e8d038ab1fe,SGL-001,WIN-SGL-001-20230901,2023-09-01,2023-03-05,2023-08-31,area_trend,opt_era5,0.000000,NOT_ESTIMABLE,false
b883143850199952b67980dacfd1f30b08059ac7745dae8553919378dd554667,SGL-001,WIN-SGL-001-20230901,2023-09-01,2023-03-05,2023-08-31,weather_only,opt_era5,0.000000,NOT_ESTIMABLE,false
7bb08dda155d8e0b2e54f01777ba2a9be01c11df06fbd368743f515a6c1b1c39,SGL-001,WIN-SGL-001-20230901,2023-09-01,2023-03-05,2023-08-31,rpca,opt_era5,0.000000,NOT_ESTIMABLE,false
d4f670bf832b9d0f624ec8f3662dacfd9651fd12278b226e8bf2214fc5fd2a2c,SGL-001,WIN-SGL-001-20230901,2023-09-01,2023-03-05,2023-08-31,tmae,sar_era5,0.000000,NOT_ESTIMABLE,false
60f8cfdddcdd174175e63acb8da9077c080d79e9cd9c881b8cf5b077bf83437a,SGL-001,WIN-SGL-001-20230901,2023-09-01,2023-03-05,2023-08-31,climatology,sar_era5,0.000000,NOT_ESTIMABLE,false
8eff98a5afd285471ffa213c0abb820dbe3955ffea015bbf7ea99dcf65380537,SGL-001,WIN-SGL-001-20230901,2023-09-01,2023-03-05,2023-08-31,area_trend,sar_era5,0.000000,NOT_ESTIMABLE,false
9f6ff1d15fb34009e48381a6db3b2205ef33fd83777eab08afefb79da53e1080,SGL-001,WIN-SGL-001-20230901,2023-09-01,2023-03-05,2023-08-31,weather_only,sar_era5,0.000000,NOT_ESTIMABLE,false
8ba43821f672ef4d5eb5278fbe993624e9fa0d6de9df6ab20782eb291a671ba9,SGL-001,WIN-SGL-001-20230901,2023-09-01,2023-03-05,2023-08-31,rpca,sar_era5,0.000000,NOT_ESTIMABLE,false
2418aae27fb46ed38c78997de6490b6c151ea50c68dd9cbc75b9905de87f97da,SGL-001,WIN-SGL-001-20230901,2023-09-01,2023-03-05,2023-08-31,tmae,opt_only,0.000000,NOT_ESTIMABLE,false
9234e56b3ea348df0642b216cf730dc93d127cbe0b3cef811b260ff414735f20,SGL-001,WIN-SGL-001-20230901,2023-09-01,2023-03-05,2023-08-31,climatology,opt_only,0.000000,NOT_ESTIMABLE,false
25c4fabd95242855658a5d0d4418ee4abd7ee2874bc596a02da44a69247fb67b,SGL-001,WIN-SGL-001-20230901,2023-09-01,2023-03-05,2023-08-31,area_trend,opt_only,0.000000,NOT_ESTIMABLE,false
c7169b687aedbfd41dacc198290e56508bade1c9d2d3221718912a6f87b2f687,SGL-001,WIN-SGL-001-20230901,2023-09-01,2023-03-05,2023-08-31,weather_only,opt_only,0.000000,NOT_ESTIMABLE,false
59b0a051070a3420d6ef55ac88ff371d0d652e08b48549cde4f542585ba5b6cc,SGL-001,WIN-SGL-001-20230901,2023-09-01,2023-03-05,2023-08-31,rpca,opt_only,0.000000,NOT_ESTIMABLE,false
e7d5259626f3a5300187362aa45bb9616064cb742ddd2d6cd08b71a1aea14f53,SGL-001,WIN-SGL-001-20230901,2023-09-01,2023-03-05,2023-08-31,tmae,sar_only,0.000000,NOT_ESTIMABLE,false
455b35135212d900c1b2ca528c0ee484271f9e2778e213139d4a6e6adc026412,SGL-001,WIN-SGL-001-20230901,2023-09-01,2023-03-05,2023-08-31,climatology,sar_only,0.000000,NOT_ESTIMABLE,false
82f6ae090ec0f1d4cf27c78d7895010d62dfeabcec9fddcd493876f1a86ca824,SGL-001,WIN-SGL-001-20230901,2023-09-01,2023-03-05,2023-08-31,area_trend,sar_only,0.000000,NOT_ESTIMABLE,false
2ab96bd32d2f4b4b578696b3f21564cc4f27966e481ad4224a72244d08e3f1cb,SGL-001,WIN-SGL-001-20230901,2023-09-01,2023-03-05,2023-08-31,weather_only,sar_only,0.000000,NOT_ESTIMABLE,false
6a398fb7b7056a1832cffdffbf532469ba71dbdc98f16f05747349b6006003fd,SGL-001,WIN-SGL-001-20230901,2023-09-01,2023-03-05,2023-08-31,rpca,sar_only,0.000000,NOT_ESTIMABLE,false
ee592cce1074b7ce8c6f5aa1b80ece7ad78b76032954c4d115061c4b0eb714e2,SGL-001,WIN-SGL-001-20230901,2023-09-01,2023-03-05,2023-08-31,tmae,era5_only,0.000000,NOT_ESTIMABLE,false
fcdc2457ba621a5bd2b019aab6fc925d5d339a40ecc4c16e4d1a33d91dd5fca7,SGL-001,WIN-SGL-001-20230901,2023-09-01,2023-03-05,2023-08-31,climatology,era5_only,0.000000,NOT_ESTIMABLE,false
b319336cce08dd18825c941caca20d7f615c1402de23b5e187a6390a17eb7773,SGL-001,WIN-SGL-001-20230901,2023-09-01,2023-03-05,2023-08-31,area_trend,era5_only,0.000000,NOT_ESTIMABLE,false
bd30c13d335eaccc306b88c8dd296ed17210d8f9d8ad263150a279a53ff145cd,SGL-001,WIN-SGL-001-20230901,2023-09-01,2023-03-05,2023-08-31,weather_only,era5_only,0.000000,NOT_ESTIMABLE,false
a48caa5c8d2c4a1f1538910aa8cee53c60b0c951967e06dfdb2ec8f4cdc0ae6e,SGL-001,WIN-SGL-001-20230901,2023-09-01,2023-03-05,2023-08-31,rpca,era5_only,0.000000,NOT_ESTIMABLE,false
084403dec13665337a729a617b04fea106e8c2b35f70bdb27edbb19ac10a4b34,SGL-001,WIN-SGL-001-20230906,2023-09-06,2023-03-10,2023-09-05,tmae,full,0.531365,ELIGIBLE,true
48627a5029688e47a019383bf83f9ddceeaa8b4e9f53d9b080be1d433add6f70,SGL-001,WIN-SGL-001-20230906,2023-09-06,2023-03-10,2023-09-05,climatology,full,0.260739,ELIGIBLE,true
38ae75d47150182552c0693bc4a9cf8e6e72e72e7fe967c09ce5a14d181c8e13,SGL-001,WIN-SGL-001-20230906,2023-09-06,2023-03-10,2023-09-05,area_trend,full,0.000000,ELIGIBLE,true
bb469918be4683f6a540d8b7938c645ed89bd15d604212f6c2645d097fda3b66,SGL-001,WIN-SGL-001-20230906,2023-09-06,2023-03-10,2023-09-05,weather_only,full,0.877094,ELIGIBLE,true
ac2f2677f788733ed0a1dc0f278069b223f1c62c402b0c97679e0fa5f1c48106,SGL-001,WIN-SGL-001-20230906,2023-09-06,2023-03-10,2023-09-05,rpca,full,0.000000,ELIGIBLE,true
5b7bb1504d7b1a43b3fddf511f5818a658fec09c139635d85217b0732b8ea630,SGL-001,WIN-SGL-001-20230906,2023-09-06,2023-03-10,2023-09-05,tmae,opt_sar,0.216741,ELIGIBLE,true
620b5fbe728ce60ebe615afbedf3503f08b98cb299978e3a46acea7c8f1ba4ac,SGL-001,WIN-SGL-001-20230906,2023-09-06,2023-03-10,2023-09-05,climatology,opt_sar,0.036084,ELIGIBLE,true
08676f54171070d55f4fc2616c215d1e049cb46595b69ba1f7f9041b55878b86,SGL-001,WIN-SGL-001-20230906,2023-09-06,2023-03-10,2023-09-05,area_trend,opt_sar,0.000000,ELIGIBLE,true
b4f06c2328e4659f2cc56fa06159727144e9213f7e5c41ff72ab9249b784048c,SGL-001,WIN-SGL-001-20230906,2023-09-06,2023-03-10,2023-09-05,weather_only,opt_sar,0.000000,NOT_ESTIMABLE,false
28a592c58637fa717d7307f57f346686ceda1291d2e8300aba2133eff442d64f,SGL-001,WIN-SGL-001-20230906,2023-09-06,2023-03-10,2023-09-05,rpca,opt_sar,0.000432,ELIGIBLE,true
fbba64f9360a07a8f6a4d71b6cde0dd41ad17bb154f3e200814a2e6f7ae4612e,SGL-001,WIN-SGL-001-20230906,2023-09-06,2023-03-10,2023-09-05,tmae,opt_era5,0.642990,ELIGIBLE,true
71b1f20ecf8adb70cc0a251acc26252a54426fdb8e9a1fce86223e5e646d28a1,SGL-001,WIN-SGL-001-20230906,2023-09-06,2023-03-10,2023-09-05,climatology,opt_era5,0.351430,ELIGIBLE,true
10f01faf83dc0b034f3d527eae085a39355e77ce0d2bd04c1ef43d2cf21a9555,SGL-001,WIN-SGL-001-20230906,2023-09-06,2023-03-10,2023-09-05,area_trend,opt_era5,0.000000,ELIGIBLE,true
964efb03554bc82ad9811f4913c46d16dca2471c393ab8e4ca90787db617aae1,SGL-001,WIN-SGL-001-20230906,2023-09-06,2023-03-10,2023-09-05,weather_only,opt_era5,0.877094,ELIGIBLE,true
a32f4f12cd8bfde1995be0c06fa2efc366c9d5e7c5b6c035ee47357b5761743b,SGL-001,WIN-SGL-001-20230906,2023-09-06,2023-03-10,2023-09-05,rpca,opt_era5,0.000000,ELIGIBLE,true
53fe09e1e1ece48b9958696238ceb1ed109c868cfc8f03d6050c2bf7abb327a8,SGL-001,WIN-SGL-001-20230906,2023-09-06,2023-03-10,2023-09-05,tmae,sar_era5,0.642544,ELIGIBLE,true
ed017b8aab49aa85a0dd169dd5a12ff626b67f840e2905eff388adcdbdcfb87a,SGL-001,WIN-SGL-001-20230906,2023-09-06,2023-03-10,2023-09-05,climatology,sar_era5,0.326328,ELIGIBLE,true
e68af75674a566539244dcc576885a052a1c6a151b5dc473df2541b7e188a01d,SGL-001,WIN-SGL-001-20230906,2023-09-06,2023-03-10,2023-09-05,area_trend,sar_era5,0.000000,NOT_ESTIMABLE,false
6af80453440cb60771d0b705882c6a02ccd96aae05ffefc50827c8d16fb96088,SGL-001,WIN-SGL-001-20230906,2023-09-06,2023-03-10,2023-09-05,weather_only,sar_era5,0.877094,ELIGIBLE,true
f153cb626bc025ebbca60a694ac73958205998929008c772fe668ff78d43db30,SGL-001,WIN-SGL-001-20230906,2023-09-06,2023-03-10,2023-09-05,rpca,sar_era5,0.000000,ELIGIBLE,true
8e2fc67c49b14bc94ac784b1187ee006302f6d8974617bb3397ee4c9ba59a432,SGL-001,WIN-SGL-001-20230906,2023-09-06,2023-03-10,2023-09-05,tmae,opt_only,0.194315,ELIGIBLE,true
c82e511a9466309efad295c7164fab71fd804965b95179efa7d665c6a3288e18,SGL-001,WIN-SGL-001-20230906,2023-09-06,2023-03-10,2023-09-05,climatology,opt_only,0.072169,ELIGIBLE,true
73311def862262ba1a1058aa740e5205bea82c9b6a87a332dee2e9711c095023,SGL-001,WIN-SGL-001-20230906,2023-09-06,2023-03-10,2023-09-05,area_trend,opt_only,0.000000,ELIGIBLE,true
778213013767b827d8d845d2c56141ff6dae0a48ab936fddaf40f05485612555,SGL-001,WIN-SGL-001-20230906,2023-09-06,2023-03-10,2023-09-05,weather_only,opt_only,0.000000,NOT_ESTIMABLE,false
2fe112ef10046811ecc624e0c7c4c791d1e57a1c5678c9982395a9164f361394,SGL-001,WIN-SGL-001-20230906,2023-09-06,2023-03-10,2023-09-05,rpca,opt_only,0.000863,ELIGIBLE,true
5ad8e04e84db0e3b98f34f6b71622150cf3a373cb613b209514f80fd808a90b3,SGL-001,WIN-SGL-001-20230906,2023-09-06,2023-03-10,2023-09-05,tmae,sar_only,0.228502,ELIGIBLE,true
4d5b565e1bc1c013cda6d4205cf94936cd3241282d7df9d402cd9a56ad75ff90,SGL-001,WIN-SGL-001-20230906,2023-09-06,2023-03-10,2023-09-05,climatology,sar_only,0.000000,ELIGIBLE,true
5a60917f25808d7c2bb8c7251e200369cb65387bc352f4d50ea18d7ad5f4e4a0,SGL-001,WIN-SGL-001-20230906,2023-09-06,2023-03-10,2023-09-05,area_trend,sar_only,0.000000,NOT_ESTIMABLE,false
54062764814eb5924df320a1696877fe7c61d1bde9cf9932f589167b4c3e3b4f,SGL-001,WIN-SGL-001-20230906,2023-09-06,2023-03-10,2023-09-05,weather_only,sar_only,0.000000,NOT_ESTIMABLE,false
fea1e6eb881819fe815717c3362aa607efc159e24ae0367278e274e3a6077d82,SGL-001,WIN-SGL-001-20230906,2023-09-06,2023-03-10,2023-09-05,rpca,sar_only,0.000000,ELIGIBLE,true
8d69b7f002be545afc64ba7513c0c24acb79ad06572c83c3a54ee939ac4f88f9,SGL-001,WIN-SGL-001-20230906,2023-09-06,2023-03-10,2023-09-05,tmae,era5_only,0.875188,ELIGIBLE,true
a4548e4ce259067758288db3e8e1fbb0feda3573736a0841778ca7437ab70cef,SGL-001,WIN-SGL-001-20230906,2023-09-06,2023-03-10,2023-09-05,climatology,era5_only,0.500370,ELIGIBLE,true
c9822d06169629e58dbeb3779cac64df8e2e7751b6f0d2ed623487e55d42b129,SGL-001,WIN-SGL-001-20230906,2023-09-06,2023-03-10,2023-09-05,area_trend,era5_only,0.000000,NOT_ESTIMABLE,false
94a29abae735e4a6b0b3b58e0d287bbcee9095d5190a3c1ccab15ad72ad73287,SGL-001,WIN-SGL-001-20230906,2023-09-06,2023-03-10,2023-09-05,weather_only,era5_only,0.877094,ELIGIBLE,true
646f6032cc6a67157c446953467d9cb2f74bf4b3a847b9bca8baa807a9a81ebd,SGL-001,WIN-SGL-001-20230906,2023-09-06,2023-03-10,2023-09-05,rpca,era5_only,0.000000,ELIGIBLE,true
0bfee503f27599af7ed7123e0b99f2299fbfb873aceae1acee9b9a1ff9cd139a,SGL-001,WIN-SGL-001-20230911,2023-09-11,2023-03-15,2023-09-10,tmae,full,0.347211,ELIGIBLE,true
c5d452eb336c949e742905008063f8a8a8e431f884b02adf245a67ca57260cf2,SGL-001,WIN-SGL-001-20230911,2023-09-11,2023-03-15,2023-09-10,climatology,full,0.273909,ELIGIBLE,true
5326c8bdb84cee51939cd4867ee756cfe0fe6f5dbed44dd3a621518bceedea9f,SGL-001,WIN-SGL-001-20230911,2023-09-11,2023-03-15,2023-09-10,area_trend,full,0.000000,ELIGIBLE,true
3140128b8f8316372b35eae45084e9af6cebaf6107b56023de757fdc1f5e4aad,SGL-001,WIN-SGL-001-20230911,2023-09-11,2023-03-15,2023-09-10,weather_only,full,0.678223,ELIGIBLE,true
e3e6d95f0260da1eb0282787ef684f292425349f4ea240d0bec2c5ba0a37f611,SGL-001,WIN-SGL-001-20230911,2023-09-11,2023-03-15,2023-09-10,rpca,full,0.000000,ELIGIBLE,true
3a29b0e23d42b6046b581008813940d867cc505a6cd09aecfa19719e03bf065e,SGL-001,WIN-SGL-001-20230911,2023-09-11,2023-03-15,2023-09-10,tmae,opt_sar,0.196033,ELIGIBLE,true
9fcc2eade1559ef9e32d5f2221273b8f720c4cf2a2bab153a73cd5baea50c63f,SGL-001,WIN-SGL-001-20230911,2023-09-11,2023-03-15,2023-09-10,climatology,opt_sar,0.042690,ELIGIBLE,true
7e91e43ea0db6707ddf92d25f9e5ad7bdd07280215bc34f1ccde130a26b94e2b,SGL-001,WIN-SGL-001-20230911,2023-09-11,2023-03-15,2023-09-10,area_trend,opt_sar,0.000000,ELIGIBLE,true
22825bb0c356122d46d12bae104d8fad95781217ddb2555179ed3e6ebf151bfb,SGL-001,WIN-SGL-001-20230911,2023-09-11,2023-03-15,2023-09-10,weather_only,opt_sar,0.000000,NOT_ESTIMABLE,false
49a3342b2ef3b279fab2b166aa18659cb79d3ee4a109c67c78e5fcbe6d080f1c,SGL-001,WIN-SGL-001-20230911,2023-09-11,2023-03-15,2023-09-10,rpca,opt_sar,0.000506,ELIGIBLE,true
0b2f9a8f3874a3645e4274958b10edb051cc09c1db26cbb0d35205bed3808a4f,SGL-001,WIN-SGL-001-20230911,2023-09-11,2023-03-15,2023-09-10,tmae,opt_era5,0.393396,ELIGIBLE,true
e6229f1343bbf7e5c68ee5afcfba7c3c68ada475ffbc3ee33360c5dc46574ec5,SGL-001,WIN-SGL-001-20230911,2023-09-11,2023-03-15,2023-09-10,climatology,opt_era5,0.321546,ELIGIBLE,true
1de9ab9c3d7109de7cd40eed46e9243e1b952dd92b8ffad3b341e5f9ec286de2,SGL-001,WIN-SGL-001-20230911,2023-09-11,2023-03-15,2023-09-10,area_trend,opt_era5,0.000000,ELIGIBLE,true
5ed6d5fc8b5f197dacd1af5a0f34e7558ec999096d3613fbfe8e4dc4b53ebd2c,SGL-001,WIN-SGL-001-20230911,2023-09-11,2023-03-15,2023-09-10,weather_only,opt_era5,0.678223,ELIGIBLE,true
e3d065db9358d87f8fc0813fa5e782956327d581ba89cde40017e5b810070960,SGL-001,WIN-SGL-001-20230911,2023-09-11,2023-03-15,2023-09-10,rpca,opt_era5,0.000000,ELIGIBLE,true
ea7a9007a6b7d8f85247ec249b8eb996d46580b1252776b4b2b2eaf5050f30e0,SGL-001,WIN-SGL-001-20230911,2023-09-11,2023-03-15,2023-09-10,tmae,sar_era5,0.396192,ELIGIBLE,true
95ce1687b310b5f4d973bff45079c621bf97de38321d646704ca5fb38132455c,SGL-001,WIN-SGL-001-20230911,2023-09-11,2023-03-15,2023-09-10,climatology,sar_era5,0.362277,ELIGIBLE,true
f7012b5236a8ebaa8ae3a7af0171f593ac309c15aa47238af7b05c3d396b831b,SGL-001,WIN-SGL-001-20230911,2023-09-11,2023-03-15,2023-09-10,area_trend,sar_era5,0.000000,NOT_ESTIMABLE,false
0f2861c87a02eb20330945af498178495c811a4e1a435c781fb9792d5fbaaa97,SGL-001,WIN-SGL-001-20230911,2023-09-11,2023-03-15,2023-09-10,weather_only,sar_era5,0.678223,ELIGIBLE,true
de07a72f52d729a1ff720002b02e947a533ef600896e64185331748478376b16,SGL-001,WIN-SGL-001-20230911,2023-09-11,2023-03-15,2023-09-10,rpca,sar_era5,0.000000,ELIGIBLE,true
bc48ce9c028f5f6123df8701517c9b2344924e779e141448e8fcd29696e849cd,SGL-001,WIN-SGL-001-20230911,2023-09-11,2023-03-15,2023-09-10,tmae,opt_only,0.231915,ELIGIBLE,true
e3173039283866b7f5de301b4d5822594804febb40057f1d4a71810c7ac80ccf,SGL-001,WIN-SGL-001-20230911,2023-09-11,2023-03-15,2023-09-10,climatology,opt_only,0.064035,ELIGIBLE,true
3af1eca155e0b41ade03e3fbb0510f5caedc5163d18ab4d514e6444d3c285ecf,SGL-001,WIN-SGL-001-20230911,2023-09-11,2023-03-15,2023-09-10,area_trend,opt_only,0.000000,ELIGIBLE,true
500b0e039e2d7b16efea03279a0d9f2c3a40969812b7a63922874c1f1d61c2c6,SGL-001,WIN-SGL-001-20230911,2023-09-11,2023-03-15,2023-09-10,weather_only,opt_only,0.000000,NOT_ESTIMABLE,false
8be0dae96cf808158c3d3396902a88817bd5882f9af3efd8bbc3a16419253560,SGL-001,WIN-SGL-001-20230911,2023-09-11,2023-03-15,2023-09-10,rpca,opt_only,0.000759,ELIGIBLE,true
a430aeb0cfe98f4a75ec3a0b2fe7e36b316f9c6f5eefdcdfdf8e0f1d6bda67e4,SGL-001,WIN-SGL-001-20230911,2023-09-11,2023-03-15,2023-09-10,tmae,sar_only,0.099403,ELIGIBLE,true
4f411e36ca9aa53dbdd88f0189850ce5e6a4995db6d40d029cf78e92b050ae2c,SGL-001,WIN-SGL-001-20230911,2023-09-11,2023-03-15,2023-09-10,climatology,sar_only,0.000000,ELIGIBLE,true
f96d1ad1442109fe990541b6aaa7d8934ea254a1d91bd28516e063bcee5aafd3,SGL-001,WIN-SGL-001-20230911,2023-09-11,2023-03-15,2023-09-10,area_trend,sar_only,0.000000,NOT_ESTIMABLE,false
0e8c16ea3a93adf0b6cdfa978133f9e597941437f6116ba5a9a3670eaf9f2167,SGL-001,WIN-SGL-001-20230911,2023-09-11,2023-03-15,2023-09-10,weather_only,sar_only,0.000000,NOT_ESTIMABLE,false
5f245a86fb94f9a2db8ec019d166e211c6b41a96602577fdc24fe50947a49721,SGL-001,WIN-SGL-001-20230911,2023-09-11,2023-03-15,2023-09-10,rpca,sar_only,0.000000,ELIGIBLE,true
2c9ff62bde6b3a6141e074b029071f067653246c26f2f8826b934bf4502d0dd8,SGL-001,WIN-SGL-001-20230911,2023-09-11,2023-03-15,2023-09-10,tmae,era5_only,0.482746,ELIGIBLE,true
6ceb11d7021c6a104f33a7d6e3e08d615f2687deec59a663144dbe3d78679670,SGL-001,WIN-SGL-001-20230911,2023-09-11,2023-03-15,2023-09-10,climatology,era5_only,0.458885,ELIGIBLE,true
a498b63806484b69ffb83aa4c74914f6f464a6bb5c4ac194e2b367d066506ed4,SGL-001,WIN-SGL-001-20230911,2023-09-11,2023-03-15,2023-09-10,area_trend,era5_only,0.000000,NOT_ESTIMABLE,false
08ba42efc548d94d9953a3e41ef983fc9c0cf15cb7c8e09b5f5b4b82dbbf7564,SGL-001,WIN-SGL-001-20230911,2023-09-11,2023-03-15,2023-09-10,weather_only,era5_only,0.678223,ELIGIBLE,true
5ef9a46d4cc47c76d2784526543e8c406b7d7b40fca9ea79e6662c860e6674fa,SGL-001,WIN-SGL-001-20230911,2023-09-11,2023-03-15,2023-09-10,rpca,era5_only,0.000000,ELIGIBLE,true
342c50f9fb4eb974321bf9c3f8de718b0775d9b790d37846b5302b959deeeadf,SGL-001,WIN-SGL-001-20230916,2023-09-16,2023-03-20,2023-09-15,tmae,full,0.452122,ELIGIBLE,true
f56c6c349c27754e6d44221f47ee2a8fdaa2b49c8059fc4ed12a0a7d2e72a725,SGL-001,WIN-SGL-001-20230916,2023-09-16,2023-03-20,2023-09-15,climatology,full,0.182606,ELIGIBLE,true
fd686306d5189012eca811bb7fe27aa7f9ed9abc6efd488b94e8d9937a288370,SGL-001,WIN-SGL-001-20230916,2023-09-16,2023-03-20,2023-09-15,area_trend,full,0.000000,ELIGIBLE,true
558fc95e8b750b4bbfdf65adaf296d4193cfe556b9f2acd916f020ea7a658cce,SGL-001,WIN-SGL-001-20230916,2023-09-16,2023-03-20,2023-09-15,weather_only,full,0.787421,ELIGIBLE,true
84e2d7dfe2ce9d40d586568945c4b43d786c3ba5260983adb0ed5ced7bce512d,SGL-001,WIN-SGL-001-20230916,2023-09-16,2023-03-20,2023-09-15,rpca,full,0.000000,ELIGIBLE,true
39907bb0eb7b90caf94fc5cbb0b33431d430302a6ee9a2eef98806583a23a8d3,SGL-001,WIN-SGL-001-20230916,2023-09-16,2023-03-20,2023-09-15,tmae,opt_sar,0.213038,ELIGIBLE,true
bf6d41c427d910d1c0fd6c2b011a22606dc6ccdfab02befc26e80837f4d57bcc,SGL-001,WIN-SGL-001-20230916,2023-09-16,2023-03-20,2023-09-15,climatology,opt_sar,0.028460,ELIGIBLE,true
a94af3da251a5ee8426e1b5fa9c8e89c827b030f6abd0eceea7f8d175c09d451,SGL-001,WIN-SGL-001-20230916,2023-09-16,2023-03-20,2023-09-15,area_trend,opt_sar,0.000000,ELIGIBLE,true
8d85823269b0cfdddce2c31cf585689e939ba20b6eabe5ce36d4b81d732907e3,SGL-001,WIN-SGL-001-20230916,2023-09-16,2023-03-20,2023-09-15,weather_only,opt_sar,0.000000,NOT_ESTIMABLE,false
39d5addb0fe01b87485749aee639fc460981a9f08791545b0d0830a10c4b5fe6,SGL-001,WIN-SGL-001-20230916,2023-09-16,2023-03-20,2023-09-15,rpca,opt_sar,0.000447,ELIGIBLE,true
4af4f5223e39944a2c4d28c63c5910e91df8aaa40d4a783c4746e138b6bbd3d8,SGL-001,WIN-SGL-001-20230916,2023-09-16,2023-03-20,2023-09-15,tmae,opt_era5,0.513834,ELIGIBLE,true
318d860c5b86f0913331df7da00a7f8002f8233bb68fca74a52294d832814f24,SGL-001,WIN-SGL-001-20230916,2023-09-16,2023-03-20,2023-09-15,climatology,opt_era5,0.214364,ELIGIBLE,true
4a65566e9dbdf040115f7e5806038e0f0c81f064d5bfdca8dd34e9f9d26f58ee,SGL-001,WIN-SGL-001-20230916,2023-09-16,2023-03-20,2023-09-15,area_trend,opt_era5,0.000000,ELIGIBLE,true
cbcdec303600b5dd80039e491c45cddae0c0463f05a3681065558af12ef710a9,SGL-001,WIN-SGL-001-20230916,2023-09-16,2023-03-20,2023-09-15,weather_only,opt_era5,0.787421,ELIGIBLE,true
4a2e8d8803b8dcdbeab956106c54375128d92859700ec6f4d8141031df133c43,SGL-001,WIN-SGL-001-20230916,2023-09-16,2023-03-20,2023-09-15,rpca,opt_era5,0.000000,ELIGIBLE,true
9ffb2f83a7c61dc6d197bfda334c15b5c2ab7f2b224bbe1f1c7cf488cefec97b,SGL-001,WIN-SGL-001-20230916,2023-09-16,2023-03-20,2023-09-15,tmae,sar_era5,0.539608,ELIGIBLE,true
d9edb349b17440c1342a27c23d13387f7ffdabf31122847ee603aa7e68eca882,SGL-001,WIN-SGL-001-20230916,2023-09-16,2023-03-20,2023-09-15,climatology,sar_era5,0.241518,ELIGIBLE,true
7e88029f1864b2c2b4437b5bebf9ffa04ab4fcf661cf2cb8776b93dd9a224aa4,SGL-001,WIN-SGL-001-20230916,2023-09-16,2023-03-20,2023-09-15,area_trend,sar_era5,0.000000,NOT_ESTIMABLE,false
368418dcfe51b4438c7a7c5fd825e828fa4bcc1bc061168448ba31dd3c4ceb33,SGL-001,WIN-SGL-001-20230916,2023-09-16,2023-03-20,2023-09-15,weather_only,sar_era5,0.787421,ELIGIBLE,true
9f70209bfd848aaba284c3950f6e2eb2abc3044676e70224b91dd7d9529f674b,SGL-001,WIN-SGL-001-20230916,2023-09-16,2023-03-20,2023-09-15,rpca,sar_era5,0.000000,ELIGIBLE,true
390172bc7b35ff0303118d1f2bfbe54c39debea713fc06422d8dd3f3a45d3b03,SGL-001,WIN-SGL-001-20230916,2023-09-16,2023-03-20,2023-09-15,tmae,opt_only,0.237566,ELIGIBLE,true
b0e353d897f2fe72c47148fc2e5002f2b473ffab9d81143eb795824fc3973058,SGL-001,WIN-SGL-001-20230916,2023-09-16,2023-03-20,2023-09-15,climatology,opt_only,0.042690,ELIGIBLE,true
c6ea1f0288881b49c18a0d3ed4f48c16e73b0e28878704efe580b397b0258884,SGL-001,WIN-SGL-001-20230916,2023-09-16,2023-03-20,2023-09-15,area_trend,opt_only,0.000000,ELIGIBLE,true
1b8fc76bb5adff325438e40c351fca1b017b7fec1f70f7863e18a0cf4ac4eb7b,SGL-001,WIN-SGL-001-20230916,2023-09-16,2023-03-20,2023-09-15,weather_only,opt_only,0.000000,NOT_ESTIMABLE,false
cabbee289623613423ea0ef2967b45f1d84654760060a261957f3ecee656b697,SGL-001,WIN-SGL-001-20230916,2023-09-16,2023-03-20,2023-09-15,rpca,opt_only,0.000671,ELIGIBLE,true
416890cda33d4b55e0bd1a7aceae62157bb7ff20474fc00b15df18e5b452156a,SGL-001,WIN-SGL-001-20230916,2023-09-16,2023-03-20,2023-09-15,tmae,sar_only,0.164988,ELIGIBLE,true
34d575366c27e23b4551f6e35ca101d5b3ee6b1a2adec69068f426a34057318b,SGL-001,WIN-SGL-001-20230916,2023-09-16,2023-03-20,2023-09-15,climatology,sar_only,0.000000,ELIGIBLE,true
d56fc8339fd39d33a893374b10c2c53f82b5b2f043fea5ba108ebbe758983228,SGL-001,WIN-SGL-001-20230916,2023-09-16,2023-03-20,2023-09-15,area_trend,sar_only,0.000000,NOT_ESTIMABLE,false
4158a1e495fd29e36012ecdeab8adca222c7e0fb491cd7ebe1eb1164f73d0162,SGL-001,WIN-SGL-001-20230916,2023-09-16,2023-03-20,2023-09-15,weather_only,sar_only,0.000000,NOT_ESTIMABLE,false
8c06470851d03df128f5a3ca775fe54b9e94249a42d61650e6c864460d78a770,SGL-001,WIN-SGL-001-20230916,2023-09-16,2023-03-20,2023-09-15,rpca,sar_only,0.000000,ELIGIBLE,true
8d511b5c9ea5a40da49e49615666efbcb534da0707e36edb2f1c21596fa63b35,SGL-001,WIN-SGL-001-20230916,2023-09-16,2023-03-20,2023-09-15,tmae,era5_only,0.662875,ELIGIBLE,true
4021d1d8288928ffa388962877cf2cfc67d0795526d88d6ff6af6dd9f4a58b1e,SGL-001,WIN-SGL-001-20230916,2023-09-16,2023-03-20,2023-09-15,climatology,era5_only,0.305923,ELIGIBLE,true
7a656fbfe656af106da4257cc0c1466a629e09a9020b9e70400165c973f84f0d,SGL-001,WIN-SGL-001-20230916,2023-09-16,2023-03-20,2023-09-15,area_trend,era5_only,0.000000,NOT_ESTIMABLE,false
39e5d9d973113086e43ae5622fc6525597d73467d19d9286c062bc9cff39d853,SGL-001,WIN-SGL-001-20230916,2023-09-16,2023-03-20,2023-09-15,weather_only,era5_only,0.787421,ELIGIBLE,true
66d501754e2d22190ee9a0c3f5bbce3d85dc767639b66c5bd7968aaa69588b66,SGL-001,WIN-SGL-001-20230916,2023-09-16,2023-03-20,2023-09-15,rpca,era5_only,0.000000,ELIGIBLE,true
8edcdab12cf64d9f083f8ff4facff6949330c35f68f89d7c561ef4c0210aec24,SGL-001,WIN-SGL-001-20230921,2023-09-21,2023-03-25,2023-09-20,tmae,full,0.472879,ELIGIBLE,true
18467ca0b90ea9d64f7579b4380b52cde64bc06081f5ebcacf4d084b5b369d3e,SGL-001,WIN-SGL-001-20230921,2023-09-21,2023-03-25,2023-09-20,climatology,full,0.136955,ELIGIBLE,true
99706507712ae8cfde36ca45cd3d26a511b4dd0c871e05f9e649c0f9ee47e21d,SGL-001,WIN-SGL-001-20230921,2023-09-21,2023-03-25,2023-09-20,area_trend,full,0.000000,ELIGIBLE,true
21b737c01960c8289ca0b1025677870b223c4f0d52fe8909c9cff444a4cd047a,SGL-001,WIN-SGL-001-20230921,2023-09-21,2023-03-25,2023-09-20,weather_only,full,0.828812,ELIGIBLE,true
3e346a78d5fd6e4a741fee0856ad9e3ca23b52ed2dd6acd4fccfe5fbb2583473,SGL-001,WIN-SGL-001-20230921,2023-09-21,2023-03-25,2023-09-20,rpca,full,0.000000,ELIGIBLE,true
4ccaa229abffcb7e0a762adf613a3f6bee6f4095bd3353c2eb20e28af776d5d0,SGL-001,WIN-SGL-001-20230921,2023-09-21,2023-03-25,2023-09-20,tmae,opt_sar,0.202997,ELIGIBLE,true
616ac92b8d560e092698d8bf5580c651c3a820b6a23725feb8caf0f47db6f129,SGL-001,WIN-SGL-001-20230921,2023-09-21,2023-03-25,2023-09-20,climatology,opt_sar,0.021345,ELIGIBLE,true
80b296876cbd1f4bfb0bfb2ba73aa83a5cee335c2306f9dcf3672dbcd2ebe9d1,SGL-001,WIN-SGL-001-20230921,2023-09-21,2023-03-25,2023-09-20,area_trend,opt_sar,0.000000,ELIGIBLE,true
91656f630dfd0c3b4d20aedc19c397356ef7f78d66340bc06fa9eba3909e1c13,SGL-001,WIN-SGL-001-20230921,2023-09-21,2023-03-25,2023-09-20,weather_only,opt_sar,0.000000,NOT_ESTIMABLE,false
5d5b6527bf422f4de8e87f4171ccaaea012e69e5f1f0838caf8bca1b2465c5a2,SGL-001,WIN-SGL-001-20230921,2023-09-21,2023-03-25,2023-09-20,rpca,opt_sar,0.000394,ELIGIBLE,true
ce8f610429ae5fac489204f9e2e73bf7467bb8da4dedbccd36df120f2a9f67e1,SGL-001,WIN-SGL-001-20230921,2023-09-21,2023-03-25,2023-09-20,tmae,opt_era5,0.537151,ELIGIBLE,true
71654a0b595e3f701acf7e113c212117937a4c90b302603918cff2fbf9e32498,SGL-001,WIN-SGL-001-20230921,2023-09-21,2023-03-25,2023-09-20,climatology,opt_era5,0.160773,ELIGIBLE,true
eef40673b1d5f47882da4362e8aff75fd1841317807c97491f108aea4ce3958c,SGL-001,WIN-SGL-001-20230921,2023-09-21,2023-03-25,2023-09-20,area_trend,opt_era5,0.000000,ELIGIBLE,true
9c24120c5b8c463927daa1edce466d96cb5ee8962fa8b24446a8303ea84c6f91,SGL-001,WIN-SGL-001-20230921,2023-09-21,2023-03-25,2023-09-20,weather_only,opt_era5,0.828812,ELIGIBLE,true
20a1e20899b5d5a2e07ba812cfe1f14fe275829961fc23118c85e558a3ea8a55,SGL-001,WIN-SGL-001-20230921,2023-09-21,2023-03-25,2023-09-20,rpca,opt_era5,0.000000,ELIGIBLE,true
90bc094a7f6c98d4d6fefbdeaa920f10ea6d1211b0e098758a448808628aba7d,SGL-001,WIN-SGL-001-20230921,2023-09-21,2023-03-25,2023-09-20,tmae,sar_era5,0.584301,ELIGIBLE,true
f55bb1cf002a89b1c2ab2f27cc031af38b803ff1f7d17b8e05afb2efea6b6bae,SGL-001,WIN-SGL-001-20230921,2023-09-21,2023-03-25,2023-09-20,climatology,sar_era5,0.181139,ELIGIBLE,true
87e2bc001fc0081bea342071db193a7a8ffd2553ea09130702a4ba8ef4ae6172,SGL-001,WIN-SGL-001-20230921,2023-09-21,2023-03-25,2023-09-20,area_trend,sar_era5,0.000000,NOT_ESTIMABLE,false
043e5e6419c2ab3e27dd7fe7c7284615be06634f365dd42c1c50980c0b04a115,SGL-001,WIN-SGL-001-20230921,2023-09-21,2023-03-25,2023-09-20,weather_only,sar_era5,0.828812,ELIGIBLE,true
25b813239dbad77c9cc27b569f368751e44b9b5275932dc5bcf1ce76ec9d21fd,SGL-001,WIN-SGL-001-20230921,2023-09-21,2023-03-25,2023-09-20,rpca,sar_era5,0.000000,ELIGIBLE,true
864896ebf93bdd7416f9c67ab0bfa9f18b48ec2698afc883129a656dad7419b5,SGL-001,WIN-SGL-001-20230921,2023-09-21,2023-03-25,2023-09-20,tmae,opt_only,0.212087,ELIGIBLE,true
37312a396d7df1837ab2cbc1ccd5e75aac74d2a96907e21bfb0ccf7eec79894e,SGL-001,WIN-SGL-001-20230921,2023-09-21,2023-03-25,2023-09-20,climatology,opt_only,0.032018,ELIGIBLE,true
4b2919e7cf27f2df7609f9b777fd0949fccc63c0fda52ca3ad2c7d9772c2b93b,SGL-001,WIN-SGL-001-20230921,2023-09-21,2023-03-25,2023-09-20,area_trend,opt_only,0.000000,ELIGIBLE,true
dbd9072592ca1fb1269942a86d368962f2e34ba0512162608e0eba2af46372ae,SGL-001,WIN-SGL-001-20230921,2023-09-21,2023-03-25,2023-09-20,weather_only,opt_only,0.000000,NOT_ESTIMABLE,false
73040d902b7849b633ca0469739b53c774ea30ffed0666abf91cd294bd4937d1,SGL-001,WIN-SGL-001-20230921,2023-09-21,2023-03-25,2023-09-20,rpca,opt_only,0.000591,ELIGIBLE,true
72e177696dbbb9a9fcd2bc7a799aee827d031248f115799ce3e9e440c86751ee,SGL-001,WIN-SGL-001-20230921,2023-09-21,2023-03-25,2023-09-20,tmae,sar_only,0.208317,ELIGIBLE,true
8cb932c2523e7c71bc93cbcb0e363c3c9045c5794c64cdb16c7fb3eae32fe90f,SGL-001,WIN-SGL-001-20230921,2023-09-21,2023-03-25,2023-09-20,climatology,sar_only,0.000000,ELIGIBLE,true
3c93a6a1b19312d40fab7b4d7e352f7e9cd259f5dbad3079ef1a7d4a12d73568,SGL-001,WIN-SGL-001-20230921,2023-09-21,2023-03-25,2023-09-20,area_trend,sar_only,0.000000,NOT_ESTIMABLE,false
59ba8aa769d029dc0187796ce4b030457238cd3cdfa78606f0bf5659f29214bd,SGL-001,WIN-SGL-001-20230921,2023-09-21,2023-03-25,2023-09-20,weather_only,sar_only,0.000000,NOT_ESTIMABLE,false
ba5096d1ed0ea18d0805d2502b4563ffecf3338a3d464a2ded12739a13729124,SGL-001,WIN-SGL-001-20230921,2023-09-21,2023-03-25,2023-09-20,rpca,sar_only,0.000000,ELIGIBLE,true
599a933a8bfdbf6fb7ef673cee3a11cd47afc523ffe74a7c5fdc7db4f7e4d8c2,SGL-001,WIN-SGL-001-20230921,2023-09-21,2023-03-25,2023-09-20,tmae,era5_only,0.717465,ELIGIBLE,true
bdf18c7fdc64d8a474f9b38a45481e075be714d8b77053ce63c044414035b037,SGL-001,WIN-SGL-001-20230921,2023-09-21,2023-03-25,2023-09-20,climatology,era5_only,0.229442,ELIGIBLE,true
ac184795ec5e56e5c084f803b92b969f26f9ede31d9d3f469d9bad37a3f4f9a1,SGL-001,WIN-SGL-001-20230921,2023-09-21,2023-03-25,2023-09-20,area_trend,era5_only,0.000000,NOT_ESTIMABLE,false
dd0094c13b741973cfcb107f1e4aa6df8b35f96c01f3292840b8455ff23552a0,SGL-001,WIN-SGL-001-20230921,2023-09-21,2023-03-25,2023-09-20,weather_only,era5_only,0.828812,ELIGIBLE,true
12261fda2f7d75cb2daa606337af9335a50c82aabb202de7f314c5459182ec91,SGL-001,WIN-SGL-001-20230921,2023-09-21,2023-03-25,2023-09-20,rpca,era5_only,0.000000,ELIGIBLE,true
7562030d3b830dcb94a737985c53fc32c2afe93b85ef1eafba0e140e437d991e,SGL-001,WIN-SGL-001-20230926,2023-09-26,2023-03-30,2023-09-25,tmae,full,0.635368,ELIGIBLE,true
cab09706e23c9a34459d02abc6c8f185d0027c9cdb8c4a71cac53983e0dd0999,SGL-001,WIN-SGL-001-20230926,2023-09-26,2023-03-30,2023-09-25,climatology,full,0.109564,ELIGIBLE,true
c0008e76129fafe6d415daac6a1434854168a909c8e7f14fb899274dcf3c9901,SGL-001,WIN-SGL-001-20230926,2023-09-26,2023-03-30,2023-09-25,area_trend,full,0.000000,ELIGIBLE,true
5624754c96deb81e4ee9d666bc1f1d6ff801ee8e868be7f0f965b4d1795b8df9,SGL-001,WIN-SGL-001-20230926,2023-09-26,2023-03-30,2023-09-25,weather_only,full,1.025336,ELIGIBLE,true
1996b2c1099416df0bf700bd1d6ad2a1199da91999d0d7c839de2ac2618b0820,SGL-001,WIN-SGL-001-20230926,2023-09-26,2023-03-30,2023-09-25,rpca,full,0.000000,ELIGIBLE,true
69e387a941b82774202cb5553bacb38e62787fc6769bed93741bceda0f842681,SGL-001,WIN-SGL-001-20230926,2023-09-26,2023-03-30,2023-09-25,tmae,opt_sar,0.199897,ELIGIBLE,true
f6cbc0872b588f07c19b2ac08fbe27b16777a3d1fb102f0815817cfe4ce1be62,SGL-001,WIN-SGL-001-20230926,2023-09-26,2023-03-30,2023-09-25,climatology,opt_sar,0.017076,ELIGIBLE,true
619e0d6802392240b945164ef71894a6ff1707db2936ec453a209c9568e081b0,SGL-001,WIN-SGL-001-20230926,2023-09-26,2023-03-30,2023-09-25,area_trend,opt_sar,0.000000,ELIGIBLE,true
91ec8155ed66b9a610442c370c24abe72fee92b5960d0653958076264ef36bc6,SGL-001,WIN-SGL-001-20230926,2023-09-26,2023-03-30,2023-09-25,weather_only,opt_sar,0.000000,NOT_ESTIMABLE,false
1a006a7cf309dbc2947aeae3b4aa50ee9a153896447f154f7c1c3b9daff88caf,SGL-001,WIN-SGL-001-20230926,2023-09-26,2023-03-30,2023-09-25,rpca,opt_sar,0.000338,ELIGIBLE,true
536cecc728564c32a73e641238c7fb6dabb35ed314d013108bb2ccac1398c79c,SGL-001,WIN-SGL-001-20230926,2023-09-26,2023-03-30,2023-09-25,tmae,opt_era5,0.729697,ELIGIBLE,true
e2cb8397a4b86242b956f0718839cb3a58be998089c22784fde2050d8e5b1364,SGL-001,WIN-SGL-001-20230926,2023-09-26,2023-03-30,2023-09-25,climatology,opt_era5,0.128618,ELIGIBLE,true
69095dfb4514b0da789df9a0cbc12064e28df38f1c376672f0b9a90af6b4d2c2,SGL-001,WIN-SGL-001-20230926,2023-09-26,2023-03-30,2023-09-25,area_trend,opt_era5,0.000000,ELIGIBLE,true
eb9cdb9b6f163ba408c25465167641560aa87a561b66623de9ff1bd396d7bd7b,SGL-001,WIN-SGL-001-20230926,2023-09-26,2023-03-30,2023-09-25,weather_only,opt_era5,1.025336,ELIGIBLE,true
d170dbc94824ab97f455f739fbe58f7c4004da6c9e8a89bfaf7c54417dccd126,SGL-001,WIN-SGL-001-20230926,2023-09-26,2023-03-30,2023-09-25,rpca,opt_era5,0.000000,ELIGIBLE,true
a8a325c23e880e615d04feb9b568d1d3ea429427bf9e1ae47ca015c183f97c1d,SGL-001,WIN-SGL-001-20230926,2023-09-26,2023-03-30,2023-09-25,tmae,sar_era5,0.828278,ELIGIBLE,true
d79529860631a3f7b05e119a73a5c3d09391a00f9ad4db66479a7e57f372bff8,SGL-001,WIN-SGL-001-20230926,2023-09-26,2023-03-30,2023-09-25,climatology,sar_era5,0.144911,ELIGIBLE,true
44d5e87c466139abdf233745f16886b94e88a73580e320328a12be1743810cea,SGL-001,WIN-SGL-001-20230926,2023-09-26,2023-03-30,2023-09-25,area_trend,sar_era5,0.000000,NOT_ESTIMABLE,false
9489a8ead0407cbab126a26e563981f457ce721108a4f846e7ff524c7777353e,SGL-001,WIN-SGL-001-20230926,2023-09-26,2023-03-30,2023-09-25,weather_only,sar_era5,1.025336,ELIGIBLE,true
788cb9cfa41d6726e8d8b2c07c265d9208ed2137ba7fede615c1d8a980a0577d,SGL-001,WIN-SGL-001-20230926,2023-09-26,2023-03-30,2023-09-25,rpca,sar_era5,0.000000,ELIGIBLE,true
4fc968838cdde256d48908719e13eae97a610b9c15a2090d1ce2e58d3f5b4829,SGL-001,WIN-SGL-001-20230926,2023-09-26,2023-03-30,2023-09-25,tmae,opt_only,0.223714,ELIGIBLE,true
4ee8c23ef0edc441791733a88a5c95ef071d14cd9703742d94e4868ccb0063f3,SGL-001,WIN-SGL-001-20230926,2023-09-26,2023-03-30,2023-09-25,climatology,opt_only,0.025614,ELIGIBLE,true
816bd1e862dfd13162fa47e244550323521da94362a6e150cdd611a6b779e737,SGL-001,WIN-SGL-001-20230926,2023-09-26,2023-03-30,2023-09-25,area_trend,opt_only,0.000000,ELIGIBLE,true
c80f1f356a72d6126e99f235a35d905c00462c072b51f26d5db5675a1911008a,SGL-001,WIN-SGL-001-20230926,2023-09-26,2023-03-30,2023-09-25,weather_only,opt_only,0.000000,NOT_ESTIMABLE,false
50508aeee240382f649e31d11fdd7d75b8d33d5b9fa301fac4b5b28c880d2815,SGL-001,WIN-SGL-001-20230926,2023-09-26,2023-03-30,2023-09-25,rpca,opt_only,0.000508,ELIGIBLE,true
806e4c79a606d75929ec11807e623fff5fe5e248972cfaa044795162107277bf,SGL-001,WIN-SGL-001-20230926,2023-09-26,2023-03-30,2023-09-25,tmae,sar_only,0.175191,ELIGIBLE,true
15ac10f1a74f8b60ee96b3b0f761655421f793d3103fe3db23ee29106af6c458,SGL-001,WIN-SGL-001-20230926,2023-09-26,2023-03-30,2023-09-25,climatology,sar_only,0.000000,ELIGIBLE,true
9d474898bd8f14c2e5676a5f6b3c673bfd0107ef64b81e55b991405f8484d617,SGL-001,WIN-SGL-001-20230926,2023-09-26,2023-03-30,2023-09-25,area_trend,sar_only,0.000000,NOT_ESTIMABLE,false
9e2648dda1ee71c48eeb59b1627347c7b872b3e9d3c910c895b872680542db90,SGL-001,WIN-SGL-001-20230926,2023-09-26,2023-03-30,2023-09-25,weather_only,sar_only,0.000000,NOT_ESTIMABLE,false
fe5b1af48d6205eb780add7f53098126796fee28d65edfa718d0d07321ee8c0f,SGL-001,WIN-SGL-001-20230926,2023-09-26,2023-03-30,2023-09-25,rpca,sar_only,0.000000,ELIGIBLE,true
ee88fed65d3b4034815e880f18beeda8fc8e77640703cb414b4f57f22912e1b1,SGL-001,WIN-SGL-001-20230926,2023-09-26,2023-03-30,2023-09-25,tmae,era5_only,1.030615,ELIGIBLE,true
4c3dcbe3bce247fdd6a4cd372bf09aba5192ad8713a39f38041a1d90cf3d2db9,SGL-001,WIN-SGL-001-20230926,2023-09-26,2023-03-30,2023-09-25,climatology,era5_only,0.183554,ELIGIBLE,true
e229ad5974f086758d9f41c56bc14dc98f65669a848557258cf66feaa2241c5a,SGL-001,WIN-SGL-001-20230926,2023-09-26,2023-03-30,2023-09-25,area_trend,era5_only,0.000000,NOT_ESTIMABLE,false
889d6b255d971bac6f534b79b99af48c3c60661d269d558916548a64ed345925,SGL-001,WIN-SGL-001-20230926,2023-09-26,2023-03-30,2023-09-25,weather_only,era5_only,1.025336,ELIGIBLE,true
210c8e930ca2115748f4424889158b5f459444acc8480a206a0c5ee01cfab0c6,SGL-001,WIN-SGL-001-20230926,2023-09-26,2023-03-30,2023-09-25,rpca,era5_only,0.000000,ELIGIBLE,true
820293044e104ee82e82a20c7b5ecb698817dbc2525d0e8f450a1d4f0c74cffb,SGL-001,WIN-SGL-001-20231001,2023-10-01,2023-04-04,2023-09-30,tmae,full,0.581030,ELIGIBLE,true
f7f7092153397844bc4f41954e278b7c4b72c9c90d2af48151276694690c88d7,SGL-001,WIN-SGL-001-20231001,2023-10-01,2023-04-04,2023-09-30,climatology,full,0.091303,ELIGIBLE,true
5d4ed4be457271a42d972042dba106ae11f86bd8633a8607c35f7f7a5b53b98d,SGL-001,WIN-SGL-001-20231001,2023-10-01,2023-04-04,2023-09-30,area_trend,full,0.000000,ELIGIBLE,true
c7549d5db84e19308eb898f364f945a888bc0ebf667cc3d4e5a157ad11337598,SGL-001,WIN-SGL-001-20231001,2023-10-01,2023-04-04,2023-09-30,weather_only,full,0.989565,ELIGIBLE,true
02e6f164553483b3efe72febe6c0f92ad6d7f4a15e7099d3670dbac9fbafe885,SGL-001,WIN-SGL-001-20231001,2023-10-01,2023-04-04,2023-09-30,rpca,full,0.000000,ELIGIBLE,true
f9be71b70d2ebb703408aaf4877db56fbfac7d5d08d8d653f6d203f46c439aa1,SGL-001,WIN-SGL-001-20231001,2023-10-01,2023-04-04,2023-09-30,tmae,opt_sar,0.206346,ELIGIBLE,true
0450ab62145ed705e84ec2bde7ae23da675a6315458699cbf1c78448b66f174b,SGL-001,WIN-SGL-001-20231001,2023-10-01,2023-04-04,2023-09-30,climatology,opt_sar,0.014230,ELIGIBLE,true
fa1a899ed8ceae2012245d2b1efda9c9b3150ea8b94dcd74235096b8d2b28242,SGL-001,WIN-SGL-001-20231001,2023-10-01,2023-04-04,2023-09-30,area_trend,opt_sar,0.000000,ELIGIBLE,true
c23f382411cac57af9a92cb3a04a4ad59228b79ef2109ed9a4222cd61ad63c7d,SGL-001,WIN-SGL-001-20231001,2023-10-01,2023-04-04,2023-09-30,weather_only,opt_sar,0.000000,NOT_ESTIMABLE,false
7281714d41cc6bbc35a89b1173d8754abc2ce2310c9075b91177e1191a99e52a,SGL-001,WIN-SGL-001-20231001,2023-10-01,2023-04-04,2023-09-30,rpca,opt_sar,0.000288,ELIGIBLE,true
f0948fd5f0d8bf4e7db0349b24c0aa87641c495521ef7b08511ce28ceb03b8ba,SGL-001,WIN-SGL-001-20231001,2023-10-01,2023-04-04,2023-09-30,tmae,opt_era5,0.668447,ELIGIBLE,true
5685a537e759e1039fa2e932ca95324d32e80a5e2ee9e3c9bc6d34b7a8e73abb,SGL-001,WIN-SGL-001-20231001,2023-10-01,2023-04-04,2023-09-30,climatology,opt_era5,0.107182,ELIGIBLE,true
0d89aad5aab9a1827c77e8a68eecaf7cd60bc14724719aa41feb06c1d5107026,SGL-001,WIN-SGL-001-20231001,2023-10-01,2023-04-04,2023-09-30,area_trend,opt_era5,0.000000,ELIGIBLE,true
a3ccbdaafb1610462d6a75fadbff0132c4367162244810d6f48258da1465df69,SGL-001,WIN-SGL-001-20231001,2023-10-01,2023-04-04,2023-09-30,weather_only,opt_era5,0.989565,ELIGIBLE,true
bbedfb9dc851cc9794bf5eacaf171516a3131d736a140c215c020453b50f8d11,SGL-001,WIN-SGL-001-20231001,2023-10-01,2023-04-04,2023-09-30,rpca,opt_era5,0.000000,ELIGIBLE,true
a9a91146c65945a5cc7420063df39e28a00551990be9059463813b08232fd0d4,SGL-001,WIN-SGL-001-20231001,2023-10-01,2023-04-04,2023-09-30,tmae,sar_era5,0.737713,ELIGIBLE,true
4566203e44a76e66a0e7f9e69e276639c08df68224aa05d1636abeedcdeecd64,SGL-001,WIN-SGL-001-20231001,2023-10-01,2023-04-04,2023-09-30,climatology,sar_era5,0.120759,ELIGIBLE,true
3a6f57f5a892e7ab3f5f6f7ba804affcf55a3c6f50b6726ac6ad817aa9d554ef,SGL-001,WIN-SGL-001-20231001,2023-10-01,2023-04-04,2023-09-30,area_trend,sar_era5,0.000000,NOT_ESTIMABLE,false
9ed04ec4ed07f0bc5ece8a6edc9377ad9eafda327a44b81f7ceb1196bc3c65c9,SGL-001,WIN-SGL-001-20231001,2023-10-01,2023-04-04,2023-09-30,weather_only,sar_era5,0.989565,ELIGIBLE,true
851fc45e81050f388a826aa62c78469dd1f3e0061c5117e1caf5bf0e72ce7a7d,SGL-001,WIN-SGL-001-20231001,2023-10-01,2023-04-04,2023-09-30,rpca,sar_era5,0.000000,ELIGIBLE,true
7440278239e2a887dd6949e39e5387862af4020e2637976376ec6ce0f3561ac0,SGL-001,WIN-SGL-001-20231001,2023-10-01,2023-04-04,2023-09-30,tmae,opt_only,0.252316,ELIGIBLE,true
5bb0b3d3000e75d9de1d865b4403bc2ee2f75f61349a5d1e0cd35cae10ac8740,SGL-001,WIN-SGL-001-20231001,2023-10-01,2023-04-04,2023-09-30,climatology,opt_only,0.021345,ELIGIBLE,true
d58a6441a27015fb4e3ed22e41df301eb226f639944683328bcf319f71396535,SGL-001,WIN-SGL-001-20231001,2023-10-01,2023-04-04,2023-09-30,area_trend,opt_only,0.000000,ELIGIBLE,true
5d7693e12b92755b9bd059b57166968d55a3725bfc54c3ceb536e4cc2b448cf0,SGL-001,WIN-SGL-001-20231001,2023-10-01,2023-04-04,2023-09-30,weather_only,opt_only,0.000000,NOT_ESTIMABLE,false
c62563f25f64a40500f8f11fc913d5f3530777f727303dfd33733bfa2790df33,SGL-001,WIN-SGL-001-20231001,2023-10-01,2023-04-04,2023-09-30,rpca,opt_only,0.000433,ELIGIBLE,true
0bdfd2bb422d97734deb03c243890cd4e6c389daaac09f8cf10170e16009402f,SGL-001,WIN-SGL-001-20231001,2023-10-01,2023-04-04,2023-09-30,tmae,sar_only,0.123024,ELIGIBLE,true
2709abb079554d75d7841768f7c70dae1a955cd6ca2bd2c117db02f3a018ad8a,SGL-001,WIN-SGL-001-20231001,2023-10-01,2023-04-04,2023-09-30,climatology,sar_only,0.000000,ELIGIBLE,true
8c35f46fd881ca53e668f5bf57439aada7bfb16b8302d5fc9bf499a869e37931,SGL-001,WIN-SGL-001-20231001,2023-10-01,2023-04-04,2023-09-30,area_trend,sar_only,0.000000,NOT_ESTIMABLE,false
49aada9890d2c463593c4b581a558b72a07f3c03ea1e73bf40b4ae434141bde6,SGL-001,WIN-SGL-001-20231001,2023-10-01,2023-04-04,2023-09-30,weather_only,sar_only,0.000000,NOT_ESTIMABLE,false
0a1659a65226582bdd8d32aff4b866b26ca742668599af5765118bb2ceeda37b,SGL-001,WIN-SGL-001-20231001,2023-10-01,2023-04-04,2023-09-30,rpca,sar_only,0.000000,ELIGIBLE,true
fdebc65e3b2e5add41f4ce42746784f4dae5cda007d7a49ec8c29454932cbf61,SGL-001,WIN-SGL-001-20231001,2023-10-01,2023-04-04,2023-09-30,tmae,era5_only,0.920543,ELIGIBLE,true
c235395f9b2a03f5212d58c38b751dd987777f018eb4c6f1217d5b7100e3fe47,SGL-001,WIN-SGL-001-20231001,2023-10-01,2023-04-04,2023-09-30,climatology,era5_only,0.152962,ELIGIBLE,true
634d395ee684806837fa5b3601105775921973573525451257f5d64c941f30c1,SGL-001,WIN-SGL-001-20231001,2023-10-01,2023-04-04,2023-09-30,area_trend,era5_only,0.000000,NOT_ESTIMABLE,false
6310ccb0b0878b2223aed72bd7afe307f65e8bef1e2c2e359a096cddbdb98a5a,SGL-001,WIN-SGL-001-20231001,2023-10-01,2023-04-04,2023-09-30,weather_only,era5_only,0.989565,ELIGIBLE,true
b0d1c801c5a855e57f37b00258c1125600d2c72e8ecc313d60179f91af1051bc,SGL-001,WIN-SGL-001-20231001,2023-10-01,2023-04-04,2023-09-30,rpca,era5_only,0.000000,ELIGIBLE,true
bc61a34b4e814528fb8813b32935e629960a67985d31e98025fc30785fef0ba9,SGL-002,WIN-SGL-002-20230901,2023-09-01,2023-03-05,2023-08-31,tmae,full,0.000000,NOT_ESTIMABLE,false
d685458fe386ed1d16674b0f4b4ee7833502b51d87ce041bb09e201d7e32a941,SGL-002,WIN-SGL-002-20230901,2023-09-01,2023-03-05,2023-08-31,climatology,full,0.000000,NOT_ESTIMABLE,false
43d363279e06d9962a54ffa819dfd27a679338f0908b9281a1280b035aa3b4e6,SGL-002,WIN-SGL-002-20230901,2023-09-01,2023-03-05,2023-08-31,area_trend,full,0.000000,NOT_ESTIMABLE,false
6433205e17304803bdc802b9e1c9b6d1894b80865b0a67c6f466b5862e026c93,SGL-002,WIN-SGL-002-20230901,2023-09-01,2023-03-05,2023-08-31,weather_only,full,0.000000,NOT_ESTIMABLE,false
b97c3cb8fe60e3479fd734b7d5dec75a3d392ef2a05b1e74c0ea980825e33005,SGL-002,WIN-SGL-002-20230901,2023-09-01,2023-03-05,2023-08-31,rpca,full,0.000000,NOT_ESTIMABLE,false
85ab5dad8f06532cad8fb0ca5e84581eee69e7de4b5308736b523525d1b0e358,SGL-002,WIN-SGL-002-20230901,2023-09-01,2023-03-05,2023-08-31,tmae,opt_sar,0.000000,NOT_ESTIMABLE,false
f4b6da562bb9b7b9ad3b991c60570a43ff3354f8a2bff21bfc19f8027342182c,SGL-002,WIN-SGL-002-20230901,2023-09-01,2023-03-05,2023-08-31,climatology,opt_sar,0.000000,NOT_ESTIMABLE,false
78c7246fa5545db939e38cdd362920d6bc3e9d6bb14339c9b5b5a9203156bb3a,SGL-002,WIN-SGL-002-20230901,2023-09-01,2023-03-05,2023-08-31,area_trend,opt_sar,0.000000,NOT_ESTIMABLE,false
5af0d05826f25c1900ada7186464354e6d381dadb50e3c3432401d4de59bd871,SGL-002,WIN-SGL-002-20230901,2023-09-01,2023-03-05,2023-08-31,weather_only,opt_sar,0.000000,NOT_ESTIMABLE,false
322b51d9fd4d041cc8a3bcbfe94cd4472b625136423cac22139c4666eca1b162,SGL-002,WIN-SGL-002-20230901,2023-09-01,2023-03-05,2023-08-31,rpca,opt_sar,0.000000,NOT_ESTIMABLE,false
5179e1019fc122150481c717cf1e3ebe175ab67c81b25d70723e49e8a738054d,SGL-002,WIN-SGL-002-20230901,2023-09-01,2023-03-05,2023-08-31,tmae,opt_era5,0.000000,NOT_ESTIMABLE,false
710f4b513ab6fb0c5c8ebfa21ce3b894c59316abd4feea3f589a2fafced18623,SGL-002,WIN-SGL-002-20230901,2023-09-01,2023-03-05,2023-08-31,climatology,opt_era5,0.000000,NOT_ESTIMABLE,false
2b33cdbba874ffb454872a7812764709d2527b557537bd224e9ac17305ffd047,SGL-002,WIN-SGL-002-20230901,2023-09-01,2023-03-05,2023-08-31,area_trend,opt_era5,0.000000,NOT_ESTIMABLE,false
69941cacf832f61c28c534bc9c8df49a4812661a28f2ba2afba6ac374e96e2b4,SGL-002,WIN-SGL-002-20230901,2023-09-01,2023-03-05,2023-08-31,weather_only,opt_era5,0.000000,NOT_ESTIMABLE,false
7c68b62d9bddc8e74cd9caebe36f655472f49f981d2faf9a8e842674fac3d511,SGL-002,WIN-SGL-002-20230901,2023-09-01,2023-03-05,2023-08-31,rpca,opt_era5,0.000000,NOT_ESTIMABLE,false
6f11f3172f2886346fe2a47a3fe9ef1d2b30f4cdd74c0bf0291c9359414a18fc,SGL-002,WIN-SGL-002-20230901,2023-09-01,2023-03-05,2023-08-31,tmae,sar_era5,0.000000,NOT_ESTIMABLE,false
ee7a61073d4e2a31e411e021a8e95357e4f89814d923a17077223feb9fba953a,SGL-002,WIN-SGL-002-20230901,2023-09-01,2023-03-05,2023-08-31,climatology,sar_era5,0.000000,NOT_ESTIMABLE,false
89004aca96876eebdb41d0607cae7559745b39a9cb728f1a80f5b7cae3a590b2,SGL-002,WIN-SGL-002-20230901,2023-09-01,2023-03-05,2023-08-31,area_trend,sar_era5,0.000000,NOT_ESTIMABLE,false
4a7f00e19641a7c2be694e2e3fb32ed25c2cdff6c57cd8a417ce3df930c3d4a3,SGL-002,WIN-SGL-002-20230901,2023-09-01,2023-03-05,2023-08-31,weather_only,sar_era5,0.000000,NOT_ESTIMABLE,false
b58d125cb2de0c5ad21ec497cab9657dd62511c6ceff323520a2737be141e6df,SGL-002,WIN-SGL-002-20230901,2023-09-01,2023-03-05,2023-08-31,rpca,sar_era5,0.000000,NOT_ESTIMABLE,false
eaea546a9164f5e3080b41f3e35f14aa82e80e37609c8245e5b3489cfbac88ad,SGL-002,WIN-SGL-002-20230901,2023-09-01,2023-03-05,2023-08-31,tmae,opt_only,0.000000,NOT_ESTIMABLE,false
96dadd2fe6869f27d9ecca266b90febf88f9ca479d51b4197a48bea690139364,SGL-002,WIN-SGL-002-20230901,2023-09-01,2023-03-05,2023-08-31,climatology,opt_only,0.000000,NOT_ESTIMABLE,false
34859917d766aa75afaf0424884b5f5581a24f973e2fd969ffd7986201b71608,SGL-002,WIN-SGL-002-20230901,2023-09-01,2023-03-05,2023-08-31,area_trend,opt_only,0.000000,NOT_ESTIMABLE,false
f0c2d4244d0e4fe9c3aad81b77b23bb699230d1404faeefcec70202f77dd23fd,SGL-002,WIN-SGL-002-20230901,2023-09-01,2023-03-05,2023-08-31,weather_only,opt_only,0.000000,NOT_ESTIMABLE,false
cf8d7da698fcf9f16f6341ea6508c04da2f23a4c349d5db5f9a5599cbba7ef49,SGL-002,WIN-SGL-002-20230901,2023-09-01,2023-03-05,2023-08-31,rpca,opt_only,0.000000,NOT_ESTIMABLE,false
2b8ba584c1f559e2bdb5b4245617a6a7d5044946037e223e483c64a5e3dd1f2a,SGL-002,WIN-SGL-002-20230901,2023-09-01,2023-03-05,2023-08-31,tmae,sar_only,0.000000,NOT_ESTIMABLE,false
d7afef849cb590b12fcd7d14d12e13dc0110c129aee52fa0911aa9fd7efcb5c7,SGL-002,WIN-SGL-002-20230901,2023-09-01,2023-03-05,2023-08-31,climatology,sar_only,0.000000,NOT_ESTIMABLE,false
3eba442e098bac1da6b3b0f06bf9eaf914b165c85dca4f015c254f0e4bbcedc1,SGL-002,WIN-SGL-002-20230901,2023-09-01,2023-03-05,2023-08-31,area_trend,sar_only,0.000000,NOT_ESTIMABLE,false
944e39a662ca205f00816a88c79aa3bbf1e6ccfbe8cee5a81d31477a0ee98550,SGL-002,WIN-SGL-002-20230901,2023-09-01,2023-03-05,2023-08-31,weather_only,sar_only,0.000000,NOT_ESTIMABLE,false
a2f6c89507cb494a505b58d52cf7cd47443a3fd1e1ac9aad5eddd6217720c818,SGL-002,WIN-SGL-002-20230901,2023-09-01,2023-03-05,2023-08-31,rpca,sar_only,0.000000,NOT_ESTIMABLE,false
6639aa42eb1397fc533047c2b0b8a17b10bfcfc78d8cb386b8c00d8e2db91dac,SGL-002,WIN-SGL-002-20230901,2023-09-01,2023-03-05,2023-08-31,tmae,era5_only,0.000000,NOT_ESTIMABLE,false
57d2369470a2d5ce3d32e4c256472c4125350dd85d2e17cd9f52634b2a5fa964,SGL-002,WIN-SGL-002-20230901,2023-09-01,2023-03-05,2023-08-31,climatology,era5_only,0.000000,NOT_ESTIMABLE,false
8a94d5ba31983f531a0bec7e4857147a9a9abb0ee9a6ecb066505e674bb3961c,SGL-002,WIN-SGL-002-20230901,2023-09-01,2023-03-05,2023-08-31,area_trend,era5_only,0.000000,NOT_ESTIMABLE,false
e50c3c128dab28bd5cec7f6767043250fc308ba4f7b87b0079ee75652968d316,SGL-002,WIN-SGL-002-20230901,2023-09-01,2023-03-05,2023-08-31,weather_only,era5_only,0.000000,NOT_ESTIMABLE,false
1b8665aba7f969759d86b799f2a3b3f0e4f1a42fbc6be78e89c387cd66aa09a0,SGL-002,WIN-SGL-002-20230901,2023-09-01,2023-03-05,2023-08-31,rpca,era5_only,0.000000,NOT_ESTIMABLE,false
4bc9e746a1eff1a11fffdd33d5951404bbe3c6ed99ebba1a9f178e1c91b45c67,SGL-002,WIN-SGL-002-20230906,2023-09-06,2023-03-10,2023-09-05,tmae,full,0.000000,NOT_ESTIMABLE,false
f6aa59138b5b628ff2635ba764257d5722cc44c62c267bc463c855fde6ef6b9d,SGL-002,WIN-SGL-002-20230906,2023-09-06,2023-03-10,2023-09-05,climatology,full,0.000000,NOT_ESTIMABLE,false
e4186ca2753d6c4227b69a6d3c7a501bac2347d3ed3863db9a1c54ad90b51965,SGL-002,WIN-SGL-002-20230906,2023-09-06,2023-03-10,2023-09-05,area_trend,full,0.000000,NOT_ESTIMABLE,false
f1d1874a6876d7cd79d485c7f6c184629935209d0c833b67e5cff4292cc34c18,SGL-002,WIN-SGL-002-20230906,2023-09-06,2023-03-10,2023-09-05,weather_only,full,0.000000,NOT_ESTIMABLE,false
d43305f7cd528e2b0f32fb9b5d3af371d2d4218f43b0b05dd5519339cf6cf629,SGL-002,WIN-SGL-002-20230906,2023-09-06,2023-03-10,2023-09-05,rpca,full,0.000000,NOT_ESTIMABLE,false
0957cdf6df027fc559cb2bedbc89d416a0d3cfca665a45c3ecac22116c854bc5,SGL-002,WIN-SGL-002-20230906,2023-09-06,2023-03-10,2023-09-05,tmae,opt_sar,0.000000,NOT_ESTIMABLE,false
4a88607feaa6a12d8b26ce2501c0649fa9fc1eb7a626fda532bcc96e470a6e94,SGL-002,WIN-SGL-002-20230906,2023-09-06,2023-03-10,2023-09-05,climatology,opt_sar,0.000000,NOT_ESTIMABLE,false
ae024563a8fb5b0248873376420d5456ccc239d652aa50bc618c638920005fcc,SGL-002,WIN-SGL-002-20230906,2023-09-06,2023-03-10,2023-09-05,area_trend,opt_sar,0.000000,NOT_ESTIMABLE,false
80fbbb4158b068f21cb582536bb1759401e8737b10a4fca69600eca834489702,SGL-002,WIN-SGL-002-20230906,2023-09-06,2023-03-10,2023-09-05,weather_only,opt_sar,0.000000,NOT_ESTIMABLE,false
a10347733e7aac9c9e980c43d98e3d6283fc4b29953df1ccad381ea16381052f,SGL-002,WIN-SGL-002-20230906,2023-09-06,2023-03-10,2023-09-05,rpca,opt_sar,0.000000,NOT_ESTIMABLE,false
9bdb571fff601ff526621e0cd6054d6998adb59173bfebe0db765018a47e40d3,SGL-002,WIN-SGL-002-20230906,2023-09-06,2023-03-10,2023-09-05,tmae,opt_era5,0.000000,NOT_ESTIMABLE,false
97daf6e84a293c5c3ec7dad0ae9d1c068a1b3977270137cc5ed6cea11970c53e,SGL-002,WIN-SGL-002-20230906,2023-09-06,2023-03-10,2023-09-05,climatology,opt_era5,0.000000,NOT_ESTIMABLE,false
4dbf1eeea55f818d7a198a898c69272f6ddfd8fb6f752ca51588ddcbea3b3542,SGL-002,WIN-SGL-002-20230906,2023-09-06,2023-03-10,2023-09-05,area_trend,opt_era5,0.000000,NOT_ESTIMABLE,false
fefe2533207868098a539a0fd659c916208b4df36f3f01d9d9b18e3914708ec5,SGL-002,WIN-SGL-002-20230906,2023-09-06,2023-03-10,2023-09-05,weather_only,opt_era5,0.000000,NOT_ESTIMABLE,false
51b751a0eb4dba8e3347cac3494f8ec1b68badf5f2c92122051762198810a5ce,SGL-002,WIN-SGL-002-20230906,2023-09-06,2023-03-10,2023-09-05,rpca,opt_era5,0.000000,NOT_ESTIMABLE,false
f5281a0ded54d359818c226c10f7dd99fe835fe7a2baa9dd5a0bbed4934f48a5,SGL-002,WIN-SGL-002-20230906,2023-09-06,2023-03-10,2023-09-05,tmae,sar_era5,1.469842,ELIGIBLE,true
7bb0be09bbd065f2d277375b3a30655c23f9e924dc0810e56898f0e6ac4a636c,SGL-002,WIN-SGL-002-20230906,2023-09-06,2023-03-10,2023-09-05,climatology,sar_era5,0.978985,ELIGIBLE,true
6bcf9466416dc0781a8b5ec6563fa3dfb4f80551e625dd17b5d8e94c2cb243f5,SGL-002,WIN-SGL-002-20230906,2023-09-06,2023-03-10,2023-09-05,area_trend,sar_era5,0.000000,NOT_ESTIMABLE,false
2f09c0dba8e75ebe9f6411b6fbfaa135ce7c800768fa97b79e07aab9dbc0a394,SGL-002,WIN-SGL-002-20230906,2023-09-06,2023-03-10,2023-09-05,weather_only,sar_era5,1.485767,ELIGIBLE,true
c3bbca70abc7399f114291e55d7e6d2fee17d761064a1802cea07e47f3431bd4,SGL-002,WIN-SGL-002-20230906,2023-09-06,2023-03-10,2023-09-05,rpca,sar_era5,0.000000,ELIGIBLE,true
b7cc9bb433ef89a6fbdcb1922e7a5d3244dfd033dba60341515fe53645f4ba23,SGL-002,WIN-SGL-002-20230906,2023-09-06,2023-03-10,2023-09-05,tmae,opt_only,0.000000,NOT_ESTIMABLE,false
eea0a14daa3ea6410dc8ce7238bad7e731041f00a93db0304912668b090b3fda,SGL-002,WIN-SGL-002-20230906,2023-09-06,2023-03-10,2023-09-05,climatology,opt_only,0.000000,NOT_ESTIMABLE,false
ec21f30e89a697ef6742d3cced51aec4429b6ec2db7f24f709688c17a3d407be,SGL-002,WIN-SGL-002-20230906,2023-09-06,2023-03-10,2023-09-05,area_trend,opt_only,0.000000,NOT_ESTIMABLE,false
af1497f0183623ce083858c859bc971c9855a43268afcdcfac33424a67730b4e,SGL-002,WIN-SGL-002-20230906,2023-09-06,2023-03-10,2023-09-05,weather_only,opt_only,0.000000,NOT_ESTIMABLE,false
326000e98950f10dc74189c47cb7ade26e424f9abea980bdf618447951778201,SGL-002,WIN-SGL-002-20230906,2023-09-06,2023-03-10,2023-09-05,rpca,opt_only,0.000000,NOT_ESTIMABLE,false
f4a6e6709ac0be436f59745a8dd7885d66c71a49466b958197f1b6178ef97fab,SGL-002,WIN-SGL-002-20230906,2023-09-06,2023-03-10,2023-09-05,tmae,sar_only,0.228502,ELIGIBLE,true
dacec0e445ff3537d4def658b478d558ae6e6dd6d68940be761ddfcdf9c119a1,SGL-002,WIN-SGL-002-20230906,2023-09-06,2023-03-10,2023-09-05,climatology,sar_only,0.000000,ELIGIBLE,true
7367de2b313459a1b31ea0d10b95fe257f8ce731542ae1bd5bf91d8627b1be50,SGL-002,WIN-SGL-002-20230906,2023-09-06,2023-03-10,2023-09-05,area_trend,sar_only,0.000000,NOT_ESTIMABLE,false
d29bfffc159ff58c358a860c96535dea779a769a3c9e006eec8f36d032805057,SGL-002,WIN-SGL-002-20230906,2023-09-06,2023-03-10,2023-09-05,weather_only,sar_only,0.000000,NOT_ESTIMABLE,false
2c075bb47e802ede4c5eec62f9add67daf13de03452847f18bb1ba6bf27c991b,SGL-002,WIN-SGL-002-20230906,2023-09-06,2023-03-10,2023-09-05,rpca,sar_only,0.000000,ELIGIBLE,true
45d1a75d8743a72bd3b794456ee2131b56da0b2cf4032390ca37b91dfde0073b,SGL-002,WIN-SGL-002-20230906,2023-09-06,2023-03-10,2023-09-05,tmae,era5_only,2.137025,ELIGIBLE,true
280334638d3b9b587bd65b16c0d5871de6a26dbf0771e543fdce84daf49c1a37,SGL-002,WIN-SGL-002-20230906,2023-09-06,2023-03-10,2023-09-05,climatology,era5_only,1.501110,ELIGIBLE,true
a7d8f9b1119fbf28bd6d224a5764294363eb9e3351117074a8a4b1c9e2d2a080,SGL-002,WIN-SGL-002-20230906,2023-09-06,2023-03-10,2023-09-05,area_trend,era5_only,0.000000,NOT_ESTIMABLE,false
d2000977ac74b95239220c8620e1ab140a3977a77b02d538cbdeb67c58a878d2,SGL-002,WIN-SGL-002-20230906,2023-09-06,2023-03-10,2023-09-05,weather_only,era5_only,1.485767,ELIGIBLE,true
a9df395dd4a7f0f6b746205e65af6d1ea4da753f0c92d7a82fb9c2953ffab729,SGL-002,WIN-SGL-002-20230906,2023-09-06,2023-03-10,2023-09-05,rpca,era5_only,0.000000,ELIGIBLE,true
b7168369f601334dbb8c3197b5ddd777217eb3d8968289720eca00a78e624950,SGL-002,WIN-SGL-002-20230911,2023-09-11,2023-03-15,2023-09-10,tmae,full,1.885663,ELIGIBLE,true
922e8df49f5fa8a7a828c0679e6bfd992e18fd50c2ebb792ee3141cf1413d082,SGL-002,WIN-SGL-002-20230911,2023-09-11,2023-03-15,2023-09-10,climatology,full,1.155794,ELIGIBLE,true
69a860dd7a51dae10165b41a5021f506c13bd11fed049285945521c20c19ce1b,SGL-002,WIN-SGL-002-20230911,2023-09-11,2023-03-15,2023-09-10,area_trend,full,0.000000,ELIGIBLE,true
a184d0b62ae35bde0ca82bb2238356ad4324c8a983a8feee738a2db952949b17,SGL-002,WIN-SGL-002-20230911,2023-09-11,2023-03-15,2023-09-10,weather_only,full,1.477061,ELIGIBLE,true
9d9d1ee404e2a1355a63bfb036cd91bd84fbdbe4ed25dac93e2f1c61be7e1a63,SGL-002,WIN-SGL-002-20230911,2023-09-11,2023-03-15,2023-09-10,rpca,full,0.000000,ELIGIBLE,true
e1211047e230a6f13770d79db8b9c47ac21d8ec127ab27d61837678d1ec4bb23,SGL-002,WIN-SGL-002-20230911,2023-09-11,2023-03-15,2023-09-10,tmae,opt_sar,1.623330,ELIGIBLE,true
70f98776f5210861e4e091baec5543692899bbff454fac4a37b7fe18d9fcf037,SGL-002,WIN-SGL-002-20230911,2023-09-11,2023-03-15,2023-09-10,climatology,opt_sar,0.198405,ELIGIBLE,true
a1d9489b4112bce09a0c40f46bbff5518976fc84ace5987d8c05b555abceaaa8,SGL-002,WIN-SGL-002-20230911,2023-09-11,2023-03-15,2023-09-10,area_trend,opt_sar,0.000000,ELIGIBLE,true
ee0d4eac64f23a4a97e56198b04d5d9bc027bfb9606c05257bc2b10c386265be,SGL-002,WIN-SGL-002-20230911,2023-09-11,2023-03-15,2023-09-10,weather_only,opt_sar,0.000000,NOT_ESTIMABLE,false
976e37a41cf36e451348780d47fa49816239ab37f4daea73d03d2c52c15de3f2,SGL-002,WIN-SGL-002-20230911,2023-09-11,2023-03-15,2023-09-10,rpca,opt_sar,0.000065,ELIGIBLE,true
65c814d361c4560a66c661849e95a07620619aa4018a460d1e4d2c3bb69aff81,SGL-002,WIN-SGL-002-20230911,2023-09-11,2023-03-15,2023-09-10,tmae,opt_era5,2.442154,ELIGIBLE,true
a6c8a241bcdb1316c6037707d5252b23a248feea5f91923a2ad3dde018b54ed2,SGL-002,WIN-SGL-002-20230911,2023-09-11,2023-03-15,2023-09-10,climatology,opt_era5,1.520782,ELIGIBLE,true
9448ddc3df0c876b8f7c52f031861d4384ac3018ae3b26e988edeab25514f828,SGL-002,WIN-SGL-002-20230911,2023-09-11,2023-03-15,2023-09-10,area_trend,opt_era5,0.000000,ELIGIBLE,true
378319f3257355e19b01df56addf6cfbd7d1d663bedd48a289796dc7f8a5f29b,SGL-002,WIN-SGL-002-20230911,2023-09-11,2023-03-15,2023-09-10,weather_only,opt_era5,1.477061,ELIGIBLE,true
23d158ebe6c0ff8c35188cd61f2ad5c4dea3f648f80e89eb36ebc962c3a42347,SGL-002,WIN-SGL-002-20230911,2023-09-11,2023-03-15,2023-09-10,rpca,opt_era5,0.000000,ELIGIBLE,true
3ba3b2e1de0bb02fb387454f262ece69577153b5044bdc056252006499cf44d3,SGL-002,WIN-SGL-002-20230911,2023-09-11,2023-03-15,2023-09-10,tmae,sar_era5,1.522184,ELIGIBLE,true
b9f4287f89b2893c033ce5616b77d75387ff06fe6e2a1adf818b1a66e275aa60,SGL-002,WIN-SGL-002-20230911,2023-09-11,2023-03-15,2023-09-10,climatology,sar_era5,1.281467,ELIGIBLE,true
83bd161bf0da5e664e50d30cb4495abfb977780c9dccfbbbfb2531dc04eaeb7c,SGL-002,WIN-SGL-002-20230911,2023-09-11,2023-03-15,2023-09-10,area_trend,sar_era5,0.000000,NOT_ESTIMABLE,false
9c2d80cce273a92896356f9b6158eb1e4a0d45fb22a7d24619d1766aba278141,SGL-002,WIN-SGL-002-20230911,2023-09-11,2023-03-15,2023-09-10,weather_only,sar_era5,1.477061,ELIGIBLE,true
365f81cbbb2ee44c5379118f948a3ccfa228da4bc90c1a83a96232cd1de42b59,SGL-002,WIN-SGL-002-20230911,2023-09-11,2023-03-15,2023-09-10,rpca,sar_era5,0.000000,ELIGIBLE,true
389eea3602504d0a3f8724550e8eccf212112ea50b92d2dd1bbb3f8546458459,SGL-002,WIN-SGL-002-20230911,2023-09-11,2023-03-15,2023-09-10,tmae,opt_only,3.945006,ELIGIBLE,true
0e28181f474e7e371924116b028856410ce970f97333d4d95aa176e98d9fe4c5,SGL-002,WIN-SGL-002-20230911,2023-09-11,2023-03-15,2023-09-10,climatology,opt_only,0.496013,ELIGIBLE,true
f01e3d96e7aa6f6a0fd7e2094bbf7f75edb93cb3c26724bb2f9aa43bbdb1b980,SGL-002,WIN-SGL-002-20230911,2023-09-11,2023-03-15,2023-09-10,area_trend,opt_only,0.000000,ELIGIBLE,true
c8242ca57bf49e06af86cd4b5303b6b217f3cbb01d31e819444affe91eac67ba,SGL-002,WIN-SGL-002-20230911,2023-09-11,2023-03-15,2023-09-10,weather_only,opt_only,0.000000,NOT_ESTIMABLE,false
611231d055409dcc7367ee2c867ca9326d131cbc3c14f384cbd14967615aa998,SGL-002,WIN-SGL-002-20230911,2023-09-11,2023-03-15,2023-09-10,rpca,opt_only,0.000163,ELIGIBLE,true
58248e7d0850b3e2438252ec574ebef7429d24e3ad6364d28237dc65cf70e94f,SGL-002,WIN-SGL-002-20230911,2023-09-11,2023-03-15,2023-09-10,tmae,sar_only,0.090121,ELIGIBLE,true
e5657c313df8799c9dd65bc724e87128d27804614fb9b6f3218a50d3489d25d2,SGL-002,WIN-SGL-002-20230911,2023-09-11,2023-03-15,2023-09-10,climatology,sar_only,0.000000,ELIGIBLE,true
0eba6ae08959002f870e2683355e8213d11a30823030b3e1c60a28e60a108719,SGL-002,WIN-SGL-002-20230911,2023-09-11,2023-03-15,2023-09-10,area_trend,sar_only,0.000000,NOT_ESTIMABLE,false
6e4f464a8f102bd54ffb11de8aa5dde6d8d282cba8b90bbd771f2e4b3cefaafd,SGL-002,WIN-SGL-002-20230911,2023-09-11,2023-03-15,2023-09-10,weather_only,sar_only,0.000000,NOT_ESTIMABLE,false
11be6d20224cb50bc9eec6255100667024ba40cf6ec1164bff053f322be41fae,SGL-002,WIN-SGL-002-20230911,2023-09-11,2023-03-15,2023-09-10,rpca,sar_only,0.000000,ELIGIBLE,true
05511cc8f4917fc493e4972e95bf77e12ae28c9311b5df3f21ee63e1425dc2a1,SGL-002,WIN-SGL-002-20230911,2023-09-11,2023-03-15,2023-09-10,tmae,era5_only,2.090989,ELIGIBLE,true
72d1d3cd00d751be11081cd66f180358b8b8c406aedf6b12f54367caf88262cc,SGL-002,WIN-SGL-002-20230911,2023-09-11,2023-03-15,2023-09-10,climatology,era5_only,1.794053,ELIGIBLE,true
b7307e5c47d05377398bbb376ecd27da6fb895acedb9944cdb25ba8ee7fdfe66,SGL-002,WIN-SGL-002-20230911,2023-09-11,2023-03-15,2023-09-10,area_trend,era5_only,0.000000,NOT_ESTIMABLE,false
9178d57914d6c2b1cea749a82881db00d3c4e8395104afd17e55305f0e3a9f66,SGL-002,WIN-SGL-002-20230911,2023-09-11,2023-03-15,2023-09-10,weather_only,era5_only,1.477061,ELIGIBLE,true
cba952651eec08d76b3ea00a5881b1fd2141ae2d0d0513ce677befc6c88dcd6f,SGL-002,WIN-SGL-002-20230911,2023-09-11,2023-03-15,2023-09-10,rpca,era5_only,0.000000,ELIGIBLE,true
bbc7327bdce60e8e200d7f18f4a31392d1be3e9cdf3a070888f8251dc65f2233,SGL-002,WIN-SGL-002-20230916,2023-09-16,2023-03-20,2023-09-15,tmae,full,2.247870,ELIGIBLE,true
6611601bd2e306bbe7abf8a409d90739b7dede41bd6f2a0e2df3dc0f71fa3919,SGL-002,WIN-SGL-002-20230916,2023-09-16,2023-03-20,2023-09-15,climatology,full,1.217277,ELIGIBLE,true
5ed3ed3965a371ab6c8465265ff6fca5cce80f50dae14fa49a67f10a51255920,SGL-002,WIN-SGL-002-20230916,2023-09-16,2023-03-20,2023-09-15,area_trend,full,0.000000,ELIGIBLE,true
ffe8115d99a724a2de6e2f519a356ef334e2e69240636977f46f45e774168432,SGL-002,WIN-SGL-002-20230916,2023-09-16,2023-03-20,2023-09-15,weather_only,full,1.632974,ELIGIBLE,true
3a08136f5e22aae3555e549ea5ae1ea240895e7247a6003b29d63cac3b25e592,SGL-002,WIN-SGL-002-20230916,2023-09-16,2023-03-20,2023-09-15,rpca,full,0.629997,ELIGIBLE,true
bb30c34309b53589222ec11fadab8baa45a47c2efa435603cae66fb0a403a11b,SGL-002,WIN-SGL-002-20230916,2023-09-16,2023-03-20,2023-09-15,tmae,opt_sar,1.767012,ELIGIBLE,true
b5413c213c58f6e678c34eba228ea4da40dcb22d5e38b7521095be3021de6e60,SGL-002,WIN-SGL-002-20230916,2023-09-16,2023-03-20,2023-09-15,climatology,opt_sar,0.284893,ELIGIBLE,true
198c836db94d87cb8648aadb96f039be8184ff33f24fd6f23fdef40bedf6f433,SGL-002,WIN-SGL-002-20230916,2023-09-16,2023-03-20,2023-09-15,area_trend,opt_sar,0.000000,ELIGIBLE,true
64f0ebb647ed65f04cb6fb41a103c7842978668975a7e28b067dd9e087360f8d,SGL-002,WIN-SGL-002-20230916,2023-09-16,2023-03-20,2023-09-15,weather_only,opt_sar,0.000000,NOT_ESTIMABLE,false
f6faa8e643563cfe704eada38d006b96bfbf11e77b30e70d7ac4c9b6cbb8b38d,SGL-002,WIN-SGL-002-20230916,2023-09-16,2023-03-20,2023-09-15,rpca,opt_sar,0.000088,ELIGIBLE,true
08a22bae0358a634224fbaee2f6f1c4917374de97faa10a872ac30bdb292c72d,SGL-002,WIN-SGL-002-20230916,2023-09-16,2023-03-20,2023-09-15,tmae,opt_era5,2.829480,ELIGIBLE,true
7228e91421f2c81a019cab38b365d08871089b0a96167ce2a87b9f6699222da4,SGL-002,WIN-SGL-002-20230916,2023-09-16,2023-03-20,2023-09-15,climatology,opt_era5,1.558969,ELIGIBLE,true
688cba5a2aea57c09222294829a3f4f82b589fd7195466b0270ff0de2958d520,SGL-002,WIN-SGL-002-20230916,2023-09-16,2023-03-20,2023-09-15,area_trend,opt_era5,0.000000,ELIGIBLE,true
9bc5f83c2b1ef398dfe9379c9dd760ffc662927e38f0f166c0072277c4e133be,SGL-002,WIN-SGL-002-20230916,2023-09-16,2023-03-20,2023-09-15,weather_only,opt_era5,1.632974,ELIGIBLE,true
be5acbe116cc45817dd787ea6f628e1e28b90a4666fd13f86e08ee5866aeb00d,SGL-002,WIN-SGL-002-20230916,2023-09-16,2023-03-20,2023-09-15,rpca,opt_era5,0.806839,ELIGIBLE,true
d19d27a787681406b792a31f32662faacf408d9fae0904fd2bfd20642805fc95,SGL-002,WIN-SGL-002-20230916,2023-09-16,2023-03-20,2023-09-15,tmae,sar_era5,1.968304,ELIGIBLE,true
eb900753f320ffc5f1b424b46e779a12b1e0c7df2ea4b14e7a0ddc0eae1a5b95,SGL-002,WIN-SGL-002-20230916,2023-09-16,2023-03-20,2023-09-15,climatology,sar_era5,1.325971,ELIGIBLE,true
52ad1f9cf38bf4ec2736f48536ef04304bd7159e4679524d25142a05539f7b69,SGL-002,WIN-SGL-002-20230916,2023-09-16,2023-03-20,2023-09-15,area_trend,sar_era5,0.000000,NOT_ESTIMABLE,false
2b6f2fd9c3c89148f6c5788da8ca1b16c84eec24031d8c0e5b20436f8483eda8,SGL-002,WIN-SGL-002-20230916,2023-09-16,2023-03-20,2023-09-15,weather_only,sar_era5,1.632974,ELIGIBLE,true
02cfb48e5af123c0ae640491e2fe682c76dfd5b1068bbd8d9e03f1f797d8c95f,SGL-002,WIN-SGL-002-20230916,2023-09-16,2023-03-20,2023-09-15,rpca,sar_era5,0.754050,ELIGIBLE,true
497427c8257697ee1da4ad590bef1f86f5033a54cb51e2bc866e126afaa94a95,SGL-002,WIN-SGL-002-20230916,2023-09-16,2023-03-20,2023-09-15,tmae,opt_only,3.845632,ELIGIBLE,true
b6e5d352e977d62cc51385e5f5cdaf02ba1a787f945451abc600ac1010b684b7,SGL-002,WIN-SGL-002-20230916,2023-09-16,2023-03-20,2023-09-15,climatology,opt_only,0.664750,ELIGIBLE,true
bba39f8016ed0b24916d9fbe29ad0c89f928102b33617f9eb43d511e22bcb977,SGL-002,WIN-SGL-002-20230916,2023-09-16,2023-03-20,2023-09-15,area_trend,opt_only,0.000000,ELIGIBLE,true
833ee7aaa8fc808cb91086daf2776b3a93be99871c7d317998016cfd75e25d84,SGL-002,WIN-SGL-002-20230916,2023-09-16,2023-03-20,2023-09-15,weather_only,opt_only,0.000000,NOT_ESTIMABLE,false
1556296f4e0fb39e773212fedd31a9f5ee543d4293d27262ec887db8ebd05b1e,SGL-002,WIN-SGL-002-20230916,2023-09-16,2023-03-20,2023-09-15,rpca,opt_only,0.000205,ELIGIBLE,true
bf073370d1296106c4c30a5a414f46b38c70fa11bd4f39e13dc57492a33c738a,SGL-002,WIN-SGL-002-20230916,2023-09-16,2023-03-20,2023-09-15,tmae,sar_only,0.173332,ELIGIBLE,true
d66701b69ffc0c3937dca77b2bafa758ac0a043c01e8ddb5d3e5d3b886d72a57,SGL-002,WIN-SGL-002-20230916,2023-09-16,2023-03-20,2023-09-15,climatology,sar_only,0.000000,ELIGIBLE,true
4be856e8fe6435cb2898c8dd9503019a7ca6bbccdbf146a370706e430d20a8c4,SGL-002,WIN-SGL-002-20230916,2023-09-16,2023-03-20,2023-09-15,area_trend,sar_only,0.000000,NOT_ESTIMABLE,false
6f6c1b7c46ea810fac505448ea88dbc303d750b3a51656978b28cc46815a6a30,SGL-002,WIN-SGL-002-20230916,2023-09-16,2023-03-20,2023-09-15,weather_only,sar_only,0.000000,NOT_ESTIMABLE,false
ff1432db2b941c481b057ab9519971c92efcaabaa8a0481e04033c6ac2bed222,SGL-002,WIN-SGL-002-20230916,2023-09-16,2023-03-20,2023-09-15,rpca,sar_only,0.000000,ELIGIBLE,true
18d7104f1a26191ab71413d3668c567d750fb480e0fc3cc953f1543ebf6fdf9f,SGL-002,WIN-SGL-002-20230916,2023-09-16,2023-03-20,2023-09-15,tmae,era5_only,2.614459,ELIGIBLE,true
e588e56cc2989341eb6564518e0c4014f177e75a82bb4de3949b1d8e1147dc5d,SGL-002,WIN-SGL-002-20230916,2023-09-16,2023-03-20,2023-09-15,climatology,era5_only,1.797427,ELIGIBLE,true
6da91037677285e17e8d425a4432461df2817876186c76f9018f363254e09c34,SGL-002,WIN-SGL-002-20230916,2023-09-16,2023-03-20,2023-09-15,area_trend,era5_only,0.000000,NOT_ESTIMABLE,false
c63f00a689132ac0bae111a03909c4d7dd70b1e4eab79df49595faca4e2fcdf8,SGL-002,WIN-SGL-002-20230916,2023-09-16,2023-03-20,2023-09-15,weather_only,era5_only,1.632974,ELIGIBLE,true
2f7bee832ada067cde101bd4b326c9a9d66ac5a12868f666d754c253fed6c4ea,SGL-002,WIN-SGL-002-20230916,2023-09-16,2023-03-20,2023-09-15,rpca,era5_only,1.022157,ELIGIBLE,true
1ff2b4aff908195be65d8baf3a4b41dd0919418d69bbfa892f2ab6529e076fc5,SGL-002,WIN-SGL-002-20230921,2023-09-21,2023-03-25,2023-09-20,tmae,full,2.379768,ELIGIBLE,true
453af9aa7f3789652892291ef420a93e2a63736f05985968eed8b1c100074729,SGL-002,WIN-SGL-002-20230921,2023-09-21,2023-03-25,2023-09-20,climatology,full,410751.074649,ELIGIBLE,true
1b81f76e5f380d368c9afec92a9b679e97fdfc78041b28f352b57b5b1047f335,SGL-002,WIN-SGL-002-20230921,2023-09-21,2023-03-25,2023-09-20,area_trend,full,0.000000,ELIGIBLE,true
edecd9690a927c75671bfdeea5ef2fc4efc020d98bb2c81b6be320a6d7c0283e,SGL-002,WIN-SGL-002-20230921,2023-09-21,2023-03-25,2023-09-20,weather_only,full,1.746018,ELIGIBLE,true
45f55000fb98231df9db9fc5af476aa850c4f8329966564018e9531a0b707445,SGL-002,WIN-SGL-002-20230921,2023-09-21,2023-03-25,2023-09-20,rpca,full,0.689982,ELIGIBLE,true
8cab50fb9ef9a75b89d8e3e53a62eeadf3b375372cd814d24e6d91f8d1e48f88,SGL-002,WIN-SGL-002-20230921,2023-09-21,2023-03-25,2023-09-20,tmae,opt_sar,1.654867,ELIGIBLE,true
0523d62b37f8dce3b635354c90cc84fa35a78eb960d47a719928816dbefcc095,SGL-002,WIN-SGL-002-20230921,2023-09-21,2023-03-25,2023-09-20,climatology,opt_sar,17500.199342,ELIGIBLE,true
f5736b7a1ae4927135f507eacca10412778207e85a0ad1786a7c35614df6c9c6,SGL-002,WIN-SGL-002-20230921,2023-09-21,2023-03-25,2023-09-20,area_trend,opt_sar,0.000000,ELIGIBLE,true
c2abee93b7c4d9460da207db18b82980dcaef062520e47fd27bc832e7edca822,SGL-002,WIN-SGL-002-20230921,2023-09-21,2023-03-25,2023-09-20,weather_only,opt_sar,0.000000,NOT_ESTIMABLE,false
8398e4c7733afa5b65ccf524f7e50ce1d01565c0e5747278e0530b67082a5270,SGL-002,WIN-SGL-002-20230921,2023-09-21,2023-03-25,2023-09-20,rpca,opt_sar,0.000105,ELIGIBLE,true
b8a4579bd50ab7d8f0ab51a8b7dd59c5c5cb98c413b5d6c7977357d49117100e,SGL-002,WIN-SGL-002-20230921,2023-09-21,2023-03-25,2023-09-20,tmae,opt_era5,3.047879,ELIGIBLE,true
ee88d715d6ef8180069292c6aa6a6500a80e0ece20d466e0332adcd1294d21fd,SGL-002,WIN-SGL-002-20230921,2023-09-21,2023-03-25,2023-09-20,climatology,opt_era5,540461.940157,ELIGIBLE,true
0b78e0f92d407c2ddaffe4659bc22c64e9f7624de0d415e907091dc698902fa3,SGL-002,WIN-SGL-002-20230921,2023-09-21,2023-03-25,2023-09-20,area_trend,opt_era5,0.000000,ELIGIBLE,true
8e80d292af13c378fd7697a620187153e5a363ce816e57713e1619a37834d340,SGL-002,WIN-SGL-002-20230921,2023-09-21,2023-03-25,2023-09-20,weather_only,opt_era5,1.746018,ELIGIBLE,true
22c3b1f94ff3bf32cf3daf676513f7ff565a056b6f0256c4fa7509faf606d4d0,SGL-002,WIN-SGL-002-20230921,2023-09-21,2023-03-25,2023-09-20,rpca,opt_era5,0.907871,ELIGIBLE,true
48477b9164d2e7413af78b0757d42ae81571a8ed1a7b1d87553dac4e26cc9293,SGL-002,WIN-SGL-002-20230921,2023-09-21,2023-03-25,2023-09-20,tmae,sar_era5,2.143235,ELIGIBLE,true
498dde8a1c3b7a633ecd01ceedce2d5bbf08083ef110ee1a2ef8738b3cc765a1,SGL-002,WIN-SGL-002-20230921,2023-09-21,2023-03-25,2023-09-20,climatology,sar_era5,480655.946220,ELIGIBLE,true
92accf9a39915917add28b8dc08e1ca3324f945d357a19c04fa51fc102ae6ce3,SGL-002,WIN-SGL-002-20230921,2023-09-21,2023-03-25,2023-09-20,area_trend,sar_era5,0.000000,NOT_ESTIMABLE,false
6bc64569fe7de9ee21e94ed44787037743025d05bd4e298578f49fc6c23f1c03,SGL-002,WIN-SGL-002-20230921,2023-09-21,2023-03-25,2023-09-20,weather_only,sar_era5,1.746018,ELIGIBLE,true
a5063037bd0a9297c313afcc738a8c56a59166d16b17e1a8976e8251e947d8d4,SGL-002,WIN-SGL-002-20230921,2023-09-21,2023-03-25,2023-09-20,rpca,sar_era5,0.821210,ELIGIBLE,true
02a5400c3d6e99c1798c2656b70a93cd73058b64f8acdd3c91f148571014aaf4,SGL-002,WIN-SGL-002-20230921,2023-09-21,2023-03-25,2023-09-20,tmae,opt_only,3.749389,ELIGIBLE,true
df3cf821324d17066b55901f4f66aad2e439fcadd3a88543443c61992a419118,SGL-002,WIN-SGL-002-20230921,2023-09-21,2023-03-25,2023-09-20,climatology,opt_only,43750.498192,ELIGIBLE,true
0aa2fe1a7bd37925caf0fbbd9352ff6b35c9e46193f2c2b6361b18afb2e2db7a,SGL-002,WIN-SGL-002-20230921,2023-09-21,2023-03-25,2023-09-20,area_trend,opt_only,0.000000,ELIGIBLE,true
9a08d6e71d690742710cc0bc664d4716aac49a0f78164eb4ca4949c735b0c509,SGL-002,WIN-SGL-002-20230921,2023-09-21,2023-03-25,2023-09-20,weather_only,opt_only,0.000000,NOT_ESTIMABLE,false
3064a3c5070df43be90f8b249dd7ffc33a4ef6273f4f78b975b7d2a479bd745a,SGL-002,WIN-SGL-002-20230921,2023-09-21,2023-03-25,2023-09-20,rpca,opt_only,0.000263,ELIGIBLE,true
d2e5a48a504db56e25374f7beb95f47692d2e6dd4233e50ab2044e1379bae85b,SGL-002,WIN-SGL-002-20230921,2023-09-21,2023-03-25,2023-09-20,tmae,sar_only,0.197760,ELIGIBLE,true
069120e7aa43228ae769593abab8f4d3113adc8d45d7cfc363b156fc9855079b,SGL-002,WIN-SGL-002-20230921,2023-09-21,2023-03-25,2023-09-20,climatology,sar_only,0.000000,ELIGIBLE,true
f2adeaf29aef2e334c59e12e89bd870cc25d4883ef9efa336c81c8440568c225,SGL-002,WIN-SGL-002-20230921,2023-09-21,2023-03-25,2023-09-20,area_trend,sar_only,0.000000,NOT_ESTIMABLE,false
cdb7009b763b21f8c75601de0cc2e5279f6f397c5e27ee1e2e79d5359d71a2be,SGL-002,WIN-SGL-002-20230921,2023-09-21,2023-03-25,2023-09-20,weather_only,sar_only,0.000000,NOT_ESTIMABLE,false
0e1ebdf06a0e7417312ddf890b7660d268a23bbe2c3ce50912f5fcfdb5297ee7,SGL-002,WIN-SGL-002-20230921,2023-09-21,2023-03-25,2023-09-20,rpca,sar_only,0.000000,ELIGIBLE,true
a227c9695e6d1057058a53be1a0168bce41b3cd45b8039d18a7a37980e28bf9d,SGL-002,WIN-SGL-002-20230921,2023-09-21,2023-03-25,2023-09-20,tmae,era5_only,2.923272,ELIGIBLE,true
8520cfafc1a391ac19b700673726327cdaf1d5fb688e4a6fcb1ff00897fd36e5,SGL-002,WIN-SGL-002-20230921,2023-09-21,2023-03-25,2023-09-20,climatology,era5_only,672918.324387,ELIGIBLE,true
7e644653a9d84f77842fd5a196e6dd055cbc0c64b980af0200a300e1f2b1f0f2,SGL-002,WIN-SGL-002-20230921,2023-09-21,2023-03-25,2023-09-20,area_trend,era5_only,0.000000,NOT_ESTIMABLE,false
91b2bbcc619641a9681ebdd65935f283d6977de0a49e0f3f0fe761ed0cfbd39d,SGL-002,WIN-SGL-002-20230921,2023-09-21,2023-03-25,2023-09-20,weather_only,era5_only,1.746018,ELIGIBLE,true
2ef05ea0c51368db68389f7c2e78fdc6e0a1fcb6a8573b9dc8354fad0f79efe0,SGL-002,WIN-SGL-002-20230921,2023-09-21,2023-03-25,2023-09-20,rpca,era5_only,1.149694,ELIGIBLE,true
e9f67ba9229ad8e20fe18eca55a182f46fd1408f94c6b4f86e919623c18561ac,SGL-002,WIN-SGL-002-20230926,2023-09-26,2023-03-30,2023-09-25,tmae,full,2.643366,ELIGIBLE,true
dd836c0c520e3221001c8b92fd740b7f23501d1273aac4f4c5960822c2bb138d,SGL-002,WIN-SGL-002-20230926,2023-09-26,2023-03-30,2023-09-25,climatology,full,333944.183894,ELIGIBLE,true
9055d925b8c9d2f38881ac5fb9763f68256c6f139b878c0b1931d3bcb40762b8,SGL-002,WIN-SGL-002-20230926,2023-09-26,2023-03-30,2023-09-25,area_trend,full,0.000000,ELIGIBLE,true
650c6a0311eb99a5a358182ca9003c6639e429f37f7b227c5e131ee46c7cee2a,SGL-002,WIN-SGL-002-20230926,2023-09-26,2023-03-30,2023-09-25,weather_only,full,1.898510,ELIGIBLE,true
ceeebc33a92e31fbbee8f8303fdd3962c73c05908ce1886c105e0cbae0fdf37c,SGL-002,WIN-SGL-002-20230926,2023-09-26,2023-03-30,2023-09-25,rpca,full,0.811808,ELIGIBLE,true
dcc5c7df63ebad9311b4a1968267546096b559ed6c714675061908ad8d4cb2bd,SGL-002,WIN-SGL-002-20230926,2023-09-26,2023-03-30,2023-09-25,tmae,opt_sar,1.691477,ELIGIBLE,true
ab2406323c4d724d4a2fe5b03a9103bd0ff724a32b95dc75c0449f2b695a052c,SGL-002,WIN-SGL-002-20230926,2023-09-26,2023-03-30,2023-09-25,climatology,opt_sar,14583.582977,ELIGIBLE,true
77df8af29981e8b83eb45528d11d9cb71fad4dbe984629b372b90953f5b10e94,SGL-002,WIN-SGL-002-20230926,2023-09-26,2023-03-30,2023-09-25,area_trend,opt_sar,0.000000,ELIGIBLE,true
8041931e60285781830214ee918010e05e64e773eb51572d5ca733b7eab5a692,SGL-002,WIN-SGL-002-20230926,2023-09-26,2023-03-30,2023-09-25,weather_only,opt_sar,0.000000,NOT_ESTIMABLE,false
0b7a8d696a511f39c560ce80ca566223ab1c67384517b323aa4abc55b6a67e2e,SGL-002,WIN-SGL-002-20230926,2023-09-26,2023-03-30,2023-09-25,rpca,opt_sar,0.000135,ELIGIBLE,true
67efdf652f5294a2a4657e819a00bf4cf823067ccc1d586e86cc2967068715b2,SGL-002,WIN-SGL-002-20230926,2023-09-26,2023-03-30,2023-09-25,tmae,opt_era5,3.336751,ELIGIBLE,true
aae9fd4e5583ac2641d8611029dd96ee74f402348cbb44456ede55587ef2c9f0,SGL-002,WIN-SGL-002-20230926,2023-09-26,2023-03-30,2023-09-25,climatology,opt_era5,432369.837990,ELIGIBLE,true
0c952209c1208fdea9973f41c799ba36cc5d2cfb1d2d4771d40cccfd3508d4f6,SGL-002,WIN-SGL-002-20230926,2023-09-26,2023-03-30,2023-09-25,area_trend,opt_era5,0.000000,ELIGIBLE,true
a88279bdc6d21bc30befcfcc039ab8f74afbc7dbb944c05ad82540a936c90409,SGL-002,WIN-SGL-002-20230926,2023-09-26,2023-03-30,2023-09-25,weather_only,opt_era5,1.898510,ELIGIBLE,true
62751659309551d73f553503a00df230bdefb517f2a0dc6f63a4898615f061b6,SGL-002,WIN-SGL-002-20230926,2023-09-26,2023-03-30,2023-09-25,rpca,opt_era5,1.051078,ELIGIBLE,true
4107af352e0eec972a3dd0d53d59a80d051cc99ae5657ca35ec6f989a7ff287f,SGL-002,WIN-SGL-002-20230926,2023-09-26,2023-03-30,2023-09-25,tmae,sar_era5,2.482404,ELIGIBLE,true
fcfb73a500fe5f520b149531165835b139f42ed8b33360238d4518714e5fe3d0,SGL-002,WIN-SGL-002-20230926,2023-09-26,2023-03-30,2023-09-25,climatology,sar_era5,391991.481833,ELIGIBLE,true
376928888cd367d6309d1a08268b2fcf2ef901f8729d17bc662a371f9e0ae7f9,SGL-002,WIN-SGL-002-20230926,2023-09-26,2023-03-30,2023-09-25,area_trend,sar_era5,0.000000,NOT_ESTIMABLE,false
0863957314019c629a65ede221d2ab251c7a41ba4552ac2862ff7741d957552b,SGL-002,WIN-SGL-002-20230926,2023-09-26,2023-03-30,2023-09-25,weather_only,sar_era5,1.898510,ELIGIBLE,true
1f3d687f724cd6b9ceab14f6bd05941207dcc6da23a929647f265009387e8d8c,SGL-002,WIN-SGL-002-20230926,2023-09-26,2023-03-30,2023-09-25,rpca,sar_era5,0.968649,ELIGIBLE,true
9292ddda46534327f1eb6405b36e1b2ca2dfd64a018afe478897e5c2e8301bbf,SGL-002,WIN-SGL-002-20230926,2023-09-26,2023-03-30,2023-09-25,tmae,opt_only,3.704236,ELIGIBLE,true
19c84fe22e1461b8b25032ec35d868eced9d7d31b5a0db576b026c93a71db155,SGL-002,WIN-SGL-002-20230926,2023-09-26,2023-03-30,2023-09-25,climatology,opt_only,35000.599042,ELIGIBLE,true
4dedc0e1bffa2037421087e1d4368451daa90809026be11fcb620909f849658a,SGL-002,WIN-SGL-002-20230926,2023-09-26,2023-03-30,2023-09-25,area_trend,opt_only,0.000000,ELIGIBLE,true
590be2cd60cc63fd1eb99967958fd2d57389a76a474e854955ae6ad963239be3,SGL-002,WIN-SGL-002-20230926,2023-09-26,2023-03-30,2023-09-25,weather_only,opt_only,0.000000,NOT_ESTIMABLE,false
cb6acaf924fdd0b6bd26e2dbe39414c92d1c2c678138b2c228f27762c82672de,SGL-002,WIN-SGL-002-20230926,2023-09-26,2023-03-30,2023-09-25,rpca,opt_only,0.000324,ELIGIBLE,true
56534f8a5a97e5c158755547e242288ea5114a9cd68f9f8d7e7183a69277444a,SGL-002,WIN-SGL-002-20230926,2023-09-26,2023-03-30,2023-09-25,tmae,sar_only,0.177461,ELIGIBLE,true
6c66610136c03fd8f1f1429bddf5e343fe205b05f28d9273886ebe3d0530ab0c,SGL-002,WIN-SGL-002-20230926,2023-09-26,2023-03-30,2023-09-25,climatology,sar_only,0.000000,ELIGIBLE,true
e7a477546000d897209d0c917049ad5ceb07fcbbbfb57ada9999441d6854a0fa,SGL-002,WIN-SGL-002-20230926,2023-09-26,2023-03-30,2023-09-25,area_trend,sar_only,0.000000,NOT_ESTIMABLE,false
f862c9d76ec76a747931bd8f53f9b4c2d176b16c7dd7caa39875fd2a59969748,SGL-002,WIN-SGL-002-20230926,2023-09-26,2023-03-30,2023-09-25,weather_only,sar_only,0.000000,NOT_ESTIMABLE,false
8a2754a372ae1bbba178dfc3fe34b915a4e92c247d22c2620a0166f3060db281,SGL-002,WIN-SGL-002-20230926,2023-09-26,2023-03-30,2023-09-25,rpca,sar_only,0.000000,ELIGIBLE,true
0a563a12afd440163fd4d0229be7acc29dce709992380c5ade8d41ce7078ae16,SGL-002,WIN-SGL-002-20230926,2023-09-26,2023-03-30,2023-09-25,tmae,era5_only,3.330332,ELIGIBLE,true
36e16603f7e1fd24c9a34f4c905464415627f350f705612fdd096730b2f8f43f,SGL-002,WIN-SGL-002-20230926,2023-09-26,2023-03-30,2023-09-25,climatology,era5_only,538334.968188,ELIGIBLE,true
f906ae1ed262d1bbe480d745f25f4b77c1cdf4f8bdeb5be90063da2377858d5c,SGL-002,WIN-SGL-002-20230926,2023-09-26,2023-03-30,2023-09-25,area_trend,era5_only,0.000000,NOT_ESTIMABLE,false
c6c91a24836cc4e19b309f5de7510b8a8966f1451d15a1bb7236703c3ccba9c8,SGL-002,WIN-SGL-002-20230926,2023-09-26,2023-03-30,2023-09-25,weather_only,era5_only,1.898510,ELIGIBLE,true
eb7c826d7ed9e10460cd3594b6cd42b9d428d19d5369c9f63e2f84d1776ba416,SGL-002,WIN-SGL-002-20230926,2023-09-26,2023-03-30,2023-09-25,rpca,era5_only,1.330278,ELIGIBLE,true
be1d750c602e553d8bd71b1109a68ad35f082e8eee53f3ccce8d60efa3f804e5,SGL-002,WIN-SGL-002-20231001,2023-10-01,2023-04-04,2023-09-30,tmae,full,2.634498,ELIGIBLE,true
76fbfe6826ac56ecabe7f73f387e405fe035352dff4aa207b6eefa0aac8e4569,SGL-002,WIN-SGL-002-20231001,2023-10-01,2023-04-04,2023-09-30,climatology,full,281336.695399,ELIGIBLE,true
c6f076fea48712ad2c48f380028fbb3d14e74b2dc5d760ec30ae982b06b45810,SGL-002,WIN-SGL-002-20231001,2023-10-01,2023-04-04,2023-09-30,area_trend,full,0.000000,ELIGIBLE,true
0bae28597107b55fb125ecab9a0fc39d53048ae5b47452b974023332f4433cdb,SGL-002,WIN-SGL-002-20231001,2023-10-01,2023-04-04,2023-09-30,weather_only,full,1.902097,ELIGIBLE,true
4f9c1fb5a788062ac6691d95613f847ff9b6810870d00295bf153672a817e92d,SGL-002,WIN-SGL-002-20231001,2023-10-01,2023-04-04,2023-09-30,rpca,full,0.907048,ELIGIBLE,true
d240f678c5eb8c8d810a57b0f634668ec61281e9af7f192d9edb44924e16f02e,SGL-002,WIN-SGL-002-20231001,2023-10-01,2023-04-04,2023-09-30,tmae,opt_sar,1.745928,ELIGIBLE,true
70c7822c949b11e39e9e70a3cedb9af8d5b32ad9512685bfd854c7049de1a9d5,SGL-002,WIN-SGL-002-20231001,2023-10-01,2023-04-04,2023-09-30,climatology,opt_sar,12500.285571,ELIGIBLE,true
1663ea99ff876d78cf2ce506af110d3812448ee3eb2453740da1d92ed6307e06,SGL-002,WIN-SGL-002-20231001,2023-10-01,2023-04-04,2023-09-30,area_trend,opt_sar,0.000000,ELIGIBLE,true
28ae8bae3cd403a6a39e7e2e17c5ce9ba3f7aae3eb342c47e4cea2e0905c0746,SGL-002,WIN-SGL-002-20231001,2023-10-01,2023-04-04,2023-09-30,weather_only,opt_sar,0.000000,NOT_ESTIMABLE,false
a84148bd114389cbc5e939fc430b92531fb02ef515a788273683dafa0ecc1aa6,SGL-002,WIN-SGL-002-20231001,2023-10-01,2023-04-04,2023-09-30,rpca,opt_sar,0.000171,ELIGIBLE,true
fe584103be30ec1ba6f1f2b01940ccd273785506556ee3809981422eb0022bbd,SGL-002,WIN-SGL-002-20231001,2023-10-01,2023-04-04,2023-09-30,tmae,opt_era5,3.283479,ELIGIBLE,true
e8b44f55a55b90dddcec9eacfcc19cf505834288d3da571b04fd44c1e3379c52,SGL-002,WIN-SGL-002-20231001,2023-10-01,2023-04-04,2023-09-30,climatology,opt_era5,360308.399301,ELIGIBLE,true
3b4cab291e245a0b4c19fbbe03a5ade1e6af5e2a5c56e5bedb4c75fb58379b51,SGL-002,WIN-SGL-002-20231001,2023-10-01,2023-04-04,2023-09-30,area_trend,opt_era5,0.000000,ELIGIBLE,true
8873b68c4bbd72a431f1822feca8c8373e8f231b017aff7c47b468b17238fd78,SGL-002,WIN-SGL-002-20231001,2023-10-01,2023-04-04,2023-09-30,weather_only,opt_era5,1.902097,ELIGIBLE,true
16be8954d3c39b71002bccdad8541d70de4b50d782769123c4079e8b24c3cf8d,SGL-002,WIN-SGL-002-20231001,2023-10-01,2023-04-04,2023-09-30,rpca,opt_era5,1.161659,ELIGIBLE,true
e18e48939b72bce46af223badaf6e9867016fb9a4d919ea9c6247431eab49810,SGL-002,WIN-SGL-002-20231001,2023-10-01,2023-04-04,2023-09-30,tmae,sar_era5,2.450619,ELIGIBLE,true
9eaad6b2f7787e56c00f2d5eb314ff1e610ba3a39eced092584f33bfe70a9a8d,SGL-002,WIN-SGL-002-20231001,2023-10-01,2023-04-04,2023-09-30,climatology,sar_era5,330943.783033,ELIGIBLE,true
5ec3833be58782ebeebaa2de91c019a07db6af43d8fb4a48937b44608f97ca6d,SGL-002,WIN-SGL-002-20231001,2023-10-01,2023-04-04,2023-09-30,area_trend,sar_era5,0.000000,NOT_ESTIMABLE,false
063acc5e4f69ef16fbebb515c058a41d84d7099d5aa3e4d71d9d7399235e9b25,SGL-002,WIN-SGL-002-20231001,2023-10-01,2023-04-04,2023-09-30,weather_only,sar_era5,1.902097,ELIGIBLE,true
2e3f8e4ffc2685a8f97b31052f3581795b8dfb7c74f99ca0231bf9e1504ae813,SGL-002,WIN-SGL-002-20231001,2023-10-01,2023-04-04,2023-09-30,rpca,sar_era5,1.084549,ELIGIBLE,true
a60a9b39748b8c6a848ab98622ddfd476686a9ad708fe6f4e38a21654591358d,SGL-002,WIN-SGL-002-20231001,2023-10-01,2023-04-04,2023-09-30,tmae,opt_only,3.778175,ELIGIBLE,true
c8477c769194b31bdec3065976aee873d3ce6b0c2e3f63b05edb4d7ec9cd0d8d,SGL-002,WIN-SGL-002-20231001,2023-10-01,2023-04-04,2023-09-30,climatology,opt_only,29167.332930,ELIGIBLE,true
62f8839762f2969c345ae4690bbc037aabd75b62fd6132596aed61a0a779ed35,SGL-002,WIN-SGL-002-20231001,2023-10-01,2023-04-04,2023-09-30,area_trend,opt_only,0.000000,ELIGIBLE,true
ffaae642f0bb23e5d23ec33036b3657e5ca3803584d42ec5c96f6cb586cab81e,SGL-002,WIN-SGL-002-20231001,2023-10-01,2023-04-04,2023-09-30,weather_only,opt_only,0.000000,NOT_ESTIMABLE,false
6c58536c709176f455bf3a62fa3c0ae19f49425afd7c7e34f4c7f6009fc0caa1,SGL-002,WIN-SGL-002-20231001,2023-10-01,2023-04-04,2023-09-30,rpca,opt_only,0.000400,ELIGIBLE,true
a91678421e9d497111ff59e887667b5ec149d4b1f53972d9a27a6d7ab8cdabf7,SGL-002,WIN-SGL-002-20231001,2023-10-01,2023-04-04,2023-09-30,tmae,sar_only,0.138606,ELIGIBLE,true
1a9641d3a3bffd2a13beda6872168593296c5d7db78e5ec562bc4252db44047a,SGL-002,WIN-SGL-002-20231001,2023-10-01,2023-04-04,2023-09-30,climatology,sar_only,0.000000,ELIGIBLE,true
f25e90911af40b099eb5cd4bd913fd20525f671362746c263b1ddc70a2ab2fb2,SGL-002,WIN-SGL-002-20231001,2023-10-01,2023-04-04,2023-09-30,area_trend,sar_only,0.000000,NOT_ESTIMABLE,false
1a66a5934b9812626b188d550c2a4012cbaf87f8bd4581939aa4438ddee89079,SGL-002,WIN-SGL-002-20231001,2023-10-01,2023-04-04,2023-09-30,weather_only,sar_only,0.000000,NOT_ESTIMABLE,false
10f7fdc5b54424d9a2b4b390b30051e0c8cf720e321722749c9e5d6862b27f18,SGL-002,WIN-SGL-002-20231001,2023-10-01,2023-04-04,2023-09-30,rpca,sar_only,0.000000,ELIGIBLE,true
13cf64b7a9668bf2ab57e4f0846855243fd0bec211a6edcde754b051711d3455,SGL-002,WIN-SGL-002-20231001,2023-10-01,2023-04-04,2023-09-30,tmae,era5_only,3.239174,ELIGIBLE,true
c3c5d8d75060670d84986513fd982f67dc53826bc2b48a6728e4205e65f5f1e9,SGL-002,WIN-SGL-002-20231001,2023-10-01,2023-04-04,2023-09-30,climatology,era5_only,448612.683537,ELIGIBLE,true
b2f01a99dbc16550b7eea7076a6b3753991b4551747f0502ef389c169eb9c739,SGL-002,WIN-SGL-002-20231001,2023-10-01,2023-04-04,2023-09-30,area_trend,era5_only,0.000000,NOT_ESTIMABLE,false
550edd21c7a910689c7ae3c3f2e68f64a1095ffffe2c2b25c0afc5a7be94cefe,SGL-002,WIN-SGL-002-20231001,2023-10-01,2023-04-04,2023-09-30,weather_only,era5_only,1.902097,ELIGIBLE,true
76996da1e37c18873f26e4cfa182cb5b34e572fd495d33409590c05e7d15262b,SGL-002,WIN-SGL-002-20231001,2023-10-01,2023-04-04,2023-09-30,rpca,era5_only,1.470166,ELIGIBLE,true
